Date,Impressions,From Home,From Hashtags,From Explore,From Other,Saves,Comments,Shares,Likes,Profile Visits,Follows,Conversion Rate,Caption,Hashtags
2021-12-10,3920,2586,1028,619,56,98,9,5,162,35,2,5.714285714,Here are some of the most important data visualizations that every Financial Data Analyst/Scientist should know.,#financeÂ #moneyÂ #businessÂ #investingÂ #investmentÂ #tradingÂ #stockmarketÂ #dataÂ #datascienceÂ #dataanalysisÂ #dataanalyticsÂ #datascientistÂ #machinelearningÂ #pythonÂ #pythonprogrammingÂ #pythonprojectsÂ #pythoncodeÂ #artificialintelligenceÂ #aiÂ #dataanalystÂ #amankharwalÂ #thecleverprogrammer
2021-12-11,5394,2727,1838,1174,78,194,7,14,224,48,10,20.83333333,Here are some of the best data science project ideas on healthcare. If you want to become a data science professional in the healthcare domain then you must try to work on these projects.,#healthcareÂ #healthÂ #covidÂ #dataÂ #datascienceÂ #dataanalysisÂ #dataanalyticsÂ #datascientistÂ #machinelearningÂ #pythonÂ #pythonprogrammingÂ #pythonprojectsÂ #pythoncodeÂ #artificialintelligenceÂ #aiÂ #dataanalystÂ #amankharwalÂ #thecleverprogrammer
2021-12-12,4021,2085,1188,0,533,41,11,1,131,62,12,19.35483871,Learn how to train a machine learning model and giving inputs to your trained model to make predictions using Python.,#dataÂ #datascienceÂ #dataanalysisÂ #dataanalyticsÂ #datascientistÂ #machinelearningÂ #pythonÂ #pythonprogrammingÂ #pythonprojectsÂ #pythoncodeÂ #artificialintelligenceÂ #aiÂ #deeplearningÂ #machinelearningprojectsÂ #datascienceprojectsÂ #amankharwalÂ #thecleverprogrammerÂ #machinelearningmodels
2021-12-13,4528,2700,621,932,73,172,10,7,213,23,8,34.7826087,Hereâ€™s how you can write a Python program to detect whether a sentence is a question or not. The idea here is to find the words that we see in the beginning of a question in the beginning of a sentence.,#pythonÂ #pythonprogrammingÂ #pythonprojectsÂ #pythoncodeÂ #pythonlearningÂ #pythondeveloperÂ #pythoncodingÂ #pythonprogrammerÂ #amankharwalÂ #thecleverprogrammerÂ #pythonprojects
2021-12-14,2518,1704,255,279,37,96,5,4,123,8,0,0,Plotting annotations while visualizing your data is considered good practice to make the graphs self-explanatory. Here is an example of how you can annotate a graph using Python.,#datavisualizationÂ #datascienceÂ #dataÂ #dataanalyticsÂ #machinelearningÂ #dataanalysisÂ #artificialintelligenceÂ #pythonÂ #datascientistÂ #bigdataÂ #deeplearningÂ #datavizÂ #aiÂ #analyticsÂ #technologyÂ #dataanalystÂ #programmingÂ #pythonprogrammingÂ #statisticsÂ #codingÂ #businessintelligenceÂ #dataminingÂ #techÂ #businessÂ #computerscienceÂ #tableauÂ #databaseÂ #thecleverprogrammerÂ #amankharwal
2021-12-15,3884,2046,1214,329,43,74,7,10,144,9,2,22.22222222,Here are some of the most important soft skills that every data scientist should have.,#dataÂ #datascienceÂ #dataanalysisÂ #dataanalyticsÂ #datascientistÂ #machinelearningÂ #pythonÂ #pythonprogrammingÂ #pythonprojectsÂ #pythoncodeÂ #artificialintelligenceÂ #aiÂ #deeplearningÂ #algorithmÂ #algorithmsÂ #machinelearningalgorithmsÂ #mlÂ #amankharwalÂ #thecleverprogrammerÂ #softskills
2021-12-16,2621,1543,599,333,25,22,5,1,76,26,0,0,Learn how to analyze a candlestick chart as a data scientist or a financial analyst. I hope this resource will help you to invest and analyze stock markets.,#stockmarketÂ #investingÂ #stocksÂ #tradingÂ #moneyÂ #investmentÂ #financeÂ #forexÂ #datavisualizationÂ #datascienceÂ #dataÂ #dataanalyticsÂ #machinelearningÂ #dataanalysisÂ #aiÂ #candlestickÂ #candlestickcharts
2021-12-17,3541,2071,628,500,60,135,4,9,124,12,6,50,Here are some of the best books that you can follow to learn Python from scratch.,#pythonÂ #pythonprogrammingÂ #pythonprojectsÂ #pythoncodeÂ #pythonlearningÂ #pythondeveloperÂ #pythoncodingÂ #pythonprogrammerÂ #amankharwalÂ #thecleverprogrammerÂ #pythonprojectsÂ #pythonbooksÂ #bookstagram
2021-12-18,3749,2384,857,248,49,155,6,8,159,36,4,11.11111111,Here are some of the best data analysis project ideas that you should try and show on your resume. These projects will help you to show your data analysis skills.,#dataanalyticsÂ #datascienceÂ #dataÂ #machinelearningÂ #datavisualizationÂ #bigdataÂ #artificialintelligenceÂ #datascientistÂ #pythonÂ #analyticsÂ #aiÂ #dataanalysisÂ #deeplearningÂ #technologyÂ #programmingÂ #codingÂ #dataanalystÂ #businessÂ #pythonprogrammingÂ #dataminingÂ #techÂ #businessintelligenceÂ #databaseÂ #computerscienceÂ #statisticsÂ #powerbiÂ #dataanalysisprojectsÂ #businessanalyticsÂ #thecleverprogrammerÂ #amankharwal
2021-12-19,4115,2609,1104,178,46,122,6,3,191,31,6,19.35483871,Here are two best ways to count the number of letters in a string using Python.,#pythonÂ #pythonprogrammingÂ #pythonprojectsÂ #pythoncodeÂ #pythonlearningÂ #pythondeveloperÂ #pythoncodingÂ #pythonprogrammerÂ #amankharwalÂ #thecleverprogrammerÂ #pythonprojects
2021-12-20,2218,1597,411,162,15,28,6,3,81,29,4,13.79310345,Learn the implementation of AlexNet Convolutional Neural Network using Python. Link in Bio,#neuralnetworkÂ #machinelearningÂ #artificialintelligenceÂ #deeplearningÂ #pythonÂ #aiÂ #datascienceÂ #neuralnetworksÂ #programmingÂ #tensorflowÂ #datascientistÂ #pythonprogrammingÂ #techÂ #technologyÂ #artificialintelligenceaiÂ #machinelearningalgorithmsÂ #computerscienceÂ #codingÂ #mlÂ #dataÂ #amankharwalÂ #thecleverprogrammerÂ #alexnet
2021-12-21,3234,2414,476,185,75,122,8,14,151,15,0,0,Hereâ€™s how to get the live stock price data of any company by using the Python programming language.,#pythonÂ #pythonprogrammingÂ #pythonprojectsÂ #pythoncodeÂ #pythonlearningÂ #pythondeveloperÂ #pythoncodingÂ #pythonprogrammerÂ #amankharwalÂ #thecleverprogrammerÂ #pythonprojects
2021-12-22,4344,2168,1274,673,40,119,7,11,162,8,2,25,"Here are some of the most important Python libraries for data science. If you know the fundamentals of all these Python libraries, you can work on any kind of data science problem.",#dataÂ #datascienceÂ #dataanalysisÂ #dataanalyticsÂ #datascientistÂ #machinelearningÂ #pythonÂ #pythonprogrammingÂ #pythonprojectsÂ #pythoncodeÂ #artificialintelligenceÂ #aiÂ #deeplearningÂ #algorithmÂ #algorithmsÂ #machinelearningalgorithmsÂ #mlÂ #amankharwalÂ #thecleverprogrammer
2021-12-23,3216,2524,212,201,223,121,5,5,142,20,4,20,Hereâ€™s how to visualize an interactive candlestick chart using Python.,#stockmarketÂ #investingÂ #stocksÂ #tradingÂ #moneyÂ #investmentÂ #financeÂ #forexÂ #datavisualizationÂ #datascienceÂ #dataÂ #dataanalyticsÂ #machinelearningÂ #dataanalysisÂ #aiÂ #candlestickÂ #candlestickchartsÂ #amankharwalÂ #thecleverprogrammer
2021-12-24,9453,2525,5799,208,794,100,6,10,294,181,42,23.20441989,Omicron Variant Sentiment Analysis using Python: Link in Bio,#dataÂ #datascienceÂ #dataanalysisÂ #dataanalyticsÂ #datascientistÂ #machinelearningÂ #pythonÂ #pythonprogrammingÂ #pythonprojectsÂ #pythoncodeÂ #artificialintelligenceÂ #aiÂ #deeplearningÂ #sentimentanalysisÂ #sentimentÂ #nlpÂ #naturallanguageprocessingÂ #amankharwalÂ #thecleverprogrammer
2021-12-25,5055,2017,2351,298,108,101,7,11,159,17,6,35.29411765,"In Data Science, Time Series Analysis is a method of analyzing data collected over an interval of time. Stock price data and covid-19 cases data are examples of time-series data. Time Series Analysis helps understand the underlying causes of trends and patterns at particular time intervals. So it is one of the topics that every data scientist should know perfectly. So if you are looking for some of the best books to learn Time Series Analysis, you can choose any one among these books.",#timeseriesÂ #timeÂ #statisticsÂ #datascienceÂ #bigdataÂ #machinelearningÂ #pythonÂ #aiÂ #timeseriesanalysisÂ #datavisualizationÂ #dataanalyticsÂ #dataÂ #iotÂ #analysisÂ #timeseriesmalaysiaÂ #artificialintelligenceÂ #analyticsÂ #amankharwalÂ #thecleverprogrammer
2021-12-26,4002,3401,278,128,73,111,17,18,205,16,2,12.5,"Here are some of the highest paying skills in 2022 that you should start learning today. These skills do not require you to come from a specific education background. If you are passionate about learning any of these skills, then you can easily find so many free resources on the internet. If you donâ€™t know how to find free resources to learn these skills, feel free to reach meÂ @aman.kharwal, I will be happy to guide you.",#careerÂ #jobÂ #jobsÂ #jobsearchÂ #educationÂ #businessÂ #successÂ #careergoalsÂ #motivationÂ #workÂ #careerdevelopmentÂ #careersÂ #goalsÂ #resumeÂ #studentsÂ #careeradviceÂ #datascienceÂ #marketingÂ #digitalmarketingÂ #mediaÂ #socialmediaÂ #ITÂ #webdevelopmentÂ #amankharwalÂ #thecleverprogrammer
2021-12-27,3169,1979,707,341,32,106,8,1,121,21,2,9.523809524,"In Data Science, Time Series Analysis is a method of analyzing data collected over an interval of time. Stock price data and covid-19 cases data are examples of time-series data. Time Series Analysis helps understand the underlying causes of trends and patterns at particular time intervals. So it is one of the topics that every data scientist should know perfectly. So if you are looking for some of the best data science project ideas on Time Series Analysis, you should try to work on these projects.",#timeseriesÂ #timeÂ #statisticsÂ #datascienceÂ #bigdataÂ #machinelearningÂ #pythonÂ #aiÂ #timeseriesanalysisÂ #datavisualizationÂ #dataanalyticsÂ #dataÂ #iotÂ #analysisÂ #timeseriesmalaysiaÂ #artificialintelligenceÂ #analyticsÂ #amankharwalÂ #thecleverprogrammer
2021-12-28,6168,2177,3450,153,296,82,6,6,151,77,30,38.96103896,"Stress, anxiety, and depression are threatening the mental health of people. Every person has a reason for having a stressful life. People often share their feelings on social media platforms like on Instagram in the form of posts and stories, and on Reddit in the form of asking for suggestions about their life on subreddits. In the past few years, many content creators have come forward to create content to help people with their mental health. Many organizations can use stress detection to find which social media users are stressed to help them quickly. So if you want to learn how to use machine learning to detect stress on social media posts, this data science project is for you. Detection of stress from social media posts with machine learning using Python: Link in Bio.",#dataÂ #datascienceÂ #dataanalysisÂ #dataanalyticsÂ #datascientistÂ #machinelearningÂ #pythonÂ #pythonprogrammingÂ #pythonprojectsÂ #pythoncodeÂ #artificialintelligenceÂ #aiÂ #deeplearningÂ #machinelearningprojectsÂ #datascienceprojectsÂ #amankharwalÂ #thecleverprogrammerÂ #machinelearningmodelsÂ #stressÂ #stressdetection
2021-12-29,2407,1338,655,276,39,40,8,20,72,10,0,0,Data Science Use Cases: Hereâ€™s how Zomato is using your data for its future business model.,#dataÂ #datascienceÂ #dataanalysisÂ #dataanalyticsÂ #datascientistÂ #machinelearningÂ #pythonÂ #pythonprogrammingÂ #pythonprojectsÂ #pythoncodeÂ #artificialintelligenceÂ #aiÂ #deeplearningÂ #machinelearningprojectsÂ #datascienceprojectsÂ #amankharwalÂ #thecleverprogrammerÂ #machinelearningmodelsÂ #zomatoÂ #businessÂ #casestudyÂ #businessmodel
2021-12-30,2064,1304,362,249,37,49,4,5,76,9,0,0,"A boxplot is a statistical data visualization technique for analyzing the distribution and patterns of numerical data points of a dataset. It represents quartile 1, quartile 3, median, maximum and minimum data points of a feature which helps to understand the distribution of the numerical values of a dataset. Hereâ€™s how to analyze box plots as a Data Scientist.",#datavisualizationÂ #datascienceÂ #dataÂ #dataanalyticsÂ #machinelearningÂ #dataanalysisÂ #artificialintelligenceÂ #pythonÂ #datascientistÂ #bigdataÂ #deeplearningÂ #datavizÂ #aiÂ #analyticsÂ #technologyÂ #dataanalystÂ #programmingÂ #pythonprogrammingÂ #statisticsÂ #codingÂ #businessintelligenceÂ #dataminingÂ #techÂ #businessÂ #boxplotsÂ #thecleverprogrammerÂ #amankharwal
2021-12-31,3973,2415,745,676,18,72,3,4,91,11,24,218.1818182,"Activation Functions are functions used in neural networks for calculating the weighted sum of input and biases. It's done to determine if a neuron should be activated or not. What happens is that the input layer receives the training data for training the neural network, the hidden layer is used to do all the calculations which help in finding relationships between the features of the data, and then the output layer gives the results which are controlled by the activation functions. They are placed after the hidden layers to produce the results for the neural network.",#neuralnetworkÂ #machinelearningÂ #artificialintelligenceÂ #deeplearningÂ #pythonÂ #aiÂ #datascienceÂ #neuralnetworksÂ #programmingÂ #tensorflowÂ #datascientistÂ #pythonprogrammingÂ #techÂ #technologyÂ #artificialintelligenceaiÂ #machinelearningalgorithmsÂ #computerscienceÂ #codingÂ #mlÂ #dataÂ #amankharwalÂ #thecleverprogrammer
2022-01-01,7281,3065,1254,2081,748,167,7,9,195,144,100,69.44444444,Learn how to send automatic emails using the Python programming language: Link in bio.,#pythonÂ #pythonprogrammingÂ #pythonprojectsÂ #pythoncodeÂ #pythonlearningÂ #pythondeveloperÂ #pythoncodingÂ #pythonprogrammerÂ #amankharwalÂ #thecleverprogrammerÂ #pythonprojects
2022-01-02,3052,2608,201,121,87,63,5,14,129,14,2,14.28571429,Here are all the programming languages that Google uses in the Front-end and the back-end of Google.,#programmingÂ #codingÂ #programmerÂ #pythonÂ #developerÂ #javascriptÂ #technologyÂ #codeÂ #coderÂ #javaÂ #htmlÂ #computerscienceÂ #techÂ #cssÂ #webdeveloperÂ #softwareÂ #webdevelopmentÂ #codinglifeÂ #softwaredeveloperÂ #linuxÂ #programmingmemesÂ #webdesignÂ #programmersÂ #phpÂ #programminglifeÂ #machinelearningÂ #hackingÂ #pythonprogrammingÂ #thecleverprogrammerÂ #amankharwal
2022-01-03,4628,2406,1260,861,26,144,8,3,160,10,4,40,"Deep Learning is a subset of machine learning. If you want to become a machine learning engineer, you should know everything about deep learning. If you are looking for some of the best free resources to learn deep learning then here are the two best free resources to learn deep learning.",#deeplearningÂ #machinelearningÂ #artificialintelligenceÂ #datascienceÂ #aiÂ #pythonÂ #codingÂ #technologyÂ #programmingÂ #bigdataÂ #dataanalyticsÂ #datascientistÂ #dataÂ #computerscienceÂ #techÂ #neuralnetworkÂ #amankharwalÂ #thecleverprogrammer
2022-01-04,4082,2195,1248,541,36,135,11,5,175,19,6,31.57894737,Deep learning is a subset of machine learning in which we use artificial neural networks to train models to solve complex problems where we need a large amount of data compared to other machine learning algorithms. Here are some of the best deep learning project ideas that you must try.,#deeplearningÂ #machinelearningÂ #artificialintelligenceÂ #datascienceÂ #aiÂ #pythonÂ #codingÂ #technologyÂ #programmingÂ #bigdataÂ #dataanalyticsÂ #datascientistÂ #dataÂ #computerscienceÂ #techÂ #neuralnetworkÂ #amankharwalÂ #thecleverprogrammer
2022-01-05,5394,2275,2975,45,65,61,19,6,147,69,6,8.695652174,"You must have heard or invested in any cryptocurrency once in your life. It is a digital medium of exchange that is encrypted and decentralized. If you want to know how to predict the future prices of any cryptocurrency with machine learning, this will help you. Here you will learn how to predict the future prices of bitcoin with machine learning using Python.",#dataÂ #datascienceÂ #dataanalysisÂ #dataanalyticsÂ #datascientistÂ #machinelearningÂ #pythonÂ #pythonprogrammingÂ #pythonprojectsÂ #pythoncodeÂ #artificialintelligenceÂ #aiÂ #deeplearningÂ #machinelearningprojectsÂ #datascienceprojectsÂ #amankharwalÂ #thecleverprogrammerÂ #bitcoinÂ #cryptocurrency
2022-01-06,2766,2541,116,51,9,40,10,4,114,11,6,54.54545455,Here are all the programming languages that Facebook uses in the Front-end and the back-end of Facebook.,#programmingÂ #codingÂ #programmerÂ #pythonÂ #developerÂ #javascriptÂ #technologyÂ #codeÂ #coderÂ #javaÂ #htmlÂ #computerscienceÂ #techÂ #cssÂ #webdeveloperÂ #softwareÂ #webdevelopmentÂ #codinglifeÂ #softwaredeveloperÂ #linuxÂ #programmingmemesÂ #webdesignÂ #programmersÂ #phpÂ #programminglifeÂ #machinelearningÂ #hackingÂ #pythonprogrammingÂ #thecleverprogrammerÂ #amankharwal
2022-01-07,3924,2244,1278,326,34,139,11,3,151,19,2,10.52631579,Here are some of the most popular data science case studies and projects that every data science beginner should try. You can find these case studies and projects with solutions at Kaggle.,#dataÂ #datascienceÂ #dataanalysisÂ #dataanalyticsÂ #datascientistÂ #machinelearningÂ #pythonÂ #pythonprogrammingÂ #pythonprojectsÂ #pythoncodeÂ #artificialintelligenceÂ #aiÂ #deeplearningÂ #algorithmÂ #algorithmsÂ #machinelearningalgorithmsÂ #mlÂ #amankharwalÂ #thecleverprogrammerÂ #projectsÂ #casestudies
2022-01-08,3015,2034,771,115,41,52,11,4,92,9,2,22.22222222,Hereâ€™s how Amazon uses your data as an e-commerce platform. I hope this post will help you to understand how Amazon is using data science to improve the quality of its services.,#dataÂ #datascienceÂ #dataanalysisÂ #dataanalyticsÂ #datascientistÂ #machinelearningÂ #pythonÂ #pythonprogrammingÂ #pythonprojectsÂ #pythoncodeÂ #artificialintelligenceÂ #aiÂ #deeplearningÂ #machinelearningprojectsÂ #datascienceprojectsÂ #amankharwalÂ #thecleverprogrammerÂ #machinelearningmodelsÂ #zomatoÂ #businessÂ #casestudyÂ #businessmodelÂ #amazonfinds
2022-01-09,6666,1977,4604,48,23,84,9,3,214,57,20,35.0877193,Google Search Analysis is one of the best data analysis project ideas for someone who wants to work as a data analyst in marketing. Here your task is to analyze the search trends on Google. You can learn how to analyze the google search trends by visiting the link in bio.,#dataÂ #datascienceÂ #dataanalysisÂ #dataanalyticsÂ #datascientistÂ #machinelearningÂ #pythonÂ #pythonprogrammingÂ #pythonprojectsÂ #pythoncodeÂ #artificialintelligenceÂ #aiÂ #deeplearningÂ #machinelearningprojectsÂ #datascienceprojectsÂ #amankharwalÂ #thecleverprogrammer
2022-01-10,3854,1975,1721,60,43,81,11,15,150,13,2,15.38461538,Here are all the databases that Google uses.,#dataÂ #technologyÂ #datascienceÂ #businessÂ #techÂ #bigdataÂ #dataanalyticsÂ #machinelearningÂ #aiÂ #analyticsÂ #datavisualizationÂ #securityÂ #artificialintelligenceÂ #cybersecurityÂ #programmingÂ #pythonÂ #softwareÂ #codingÂ #networkÂ #internetÂ #cloudÂ #dataanalysisÂ #innovationÂ #datascientistÂ #databaseÂ #amankharwalÂ #thecleverprogrammerÂ #google
2022-01-11,4355,2879,139,1239,32,79,8,4,122,11,4,36.36363636,Here are some of the popular programming languages with their uses.,#programmingÂ #codingÂ #programmerÂ #pythonÂ #developerÂ #javascriptÂ #technologyÂ #codeÂ #coderÂ #javaÂ #htmlÂ #computerscienceÂ #techÂ #cssÂ #webdeveloperÂ #softwareÂ #webdevelopmentÂ #codinglifeÂ #softwaredeveloperÂ #linuxÂ #programmingmemesÂ #webdesignÂ #programmersÂ #phpÂ #programminglifeÂ #machinelearningÂ #hackingÂ #pythonprogrammingÂ #thecleverprogrammerÂ #amankharwal
2022-01-12,4343,2278,1460,521,27,105,6,3,152,24,8,33.33333333,Natural language processing or NLP is a subfield of artificial intelligence where we build applications to interact with humans. Here is the complete process that you should follow while working on every problem based on natural language processing.,#dataÂ #datascienceÂ #dataanalysisÂ #dataanalyticsÂ #datascientistÂ #machinelearningÂ #pythonÂ #pythonprogrammingÂ #pythonprojectsÂ #pythoncodeÂ #artificialintelligenceÂ #aiÂ #deeplearningÂ #sentimentanalysisÂ #sentimentÂ #nlpÂ #naturallanguageprocessingÂ #amankharwalÂ #thecleverprogrammer
2022-01-13,6108,2679,2803,562,26,90,7,8,196,81,26,32.09876543,LSTM stands for Long Short Term Memory Networks. It is a type of recurrent neural network that is commonly used for regression and time series forecasting in machine learning. Here you will learn how to use the LSTM Neural Network for the task of Stock Price Prediction using Python.,#neuralnetworkÂ #machinelearningÂ #artificialintelligenceÂ #deeplearningÂ #pythonÂ #aiÂ #datascienceÂ #neuralnetworksÂ #programmingÂ #tensorflowÂ #datascientistÂ #pythonprogrammingÂ #techÂ #technologyÂ #artificialintelligenceaiÂ #machinelearningalgorithmsÂ #computerscienceÂ #codingÂ #mlÂ #dataÂ #amankharwalÂ #thecleverprogrammer
2022-01-14,2523,1659,796,29,21,34,6,0,86,4,2,50,Tokenization is the first step you should perform after collecting a textual dataset in every problem based on Natural Language Processing. Sentence and Word tokenization are two different strategies of tokenization that you should know.,#dataÂ #datascienceÂ #dataanalysisÂ #dataanalyticsÂ #datascientistÂ #machinelearningÂ #pythonÂ #pythonprogrammingÂ #pythonprojectsÂ #pythoncodeÂ #artificialintelligenceÂ #aiÂ #deeplearningÂ #sentimentanalysisÂ #sentimentÂ #nlpÂ #naturallanguageprocessingÂ #amankharwalÂ #thecleverprogrammer
2022-01-15,2327,1774,435,59,35,45,3,3,85,7,2,28.57142857,Here are all the databases that are used by Facebook.,#dataÂ #technologyÂ #datascienceÂ #businessÂ #techÂ #bigdataÂ #dataanalyticsÂ #machinelearningÂ #aiÂ #analyticsÂ #datavisualizationÂ #securityÂ #artificialintelligenceÂ #cybersecurityÂ #programmingÂ #pythonÂ #softwareÂ #codingÂ #networkÂ #internetÂ #cloudÂ #dataanalysisÂ #innovationÂ #datascientistÂ #databaseÂ #amankharwalÂ #thecleverprogrammerÂ #facebook
2022-01-16,3990,2123,1482,332,36,98,4,11,156,14,4,28.57142857,Here are some of the best data science project ideas on natural language processing that you should try.,#dataÂ #datascienceÂ #dataanalysisÂ #dataanalyticsÂ #datascientistÂ #machinelearningÂ #pythonÂ #pythonprogrammingÂ #pythonprojectsÂ #pythoncodeÂ #artificialintelligenceÂ #aiÂ #deeplearningÂ #sentimentanalysisÂ #sentimentÂ #nlpÂ #naturallanguageprocessingÂ #amankharwalÂ #thecleverprogrammer
2022-01-17,2191,1308,809,45,18,35,2,1,72,18,0,0,Language detection is a natural language processing task where we need to identify the language of a text or document. Here you will learn how to train a machine learning model for language detection using Python.,#dataÂ #datascienceÂ #dataanalysisÂ #dataanalyticsÂ #datascientistÂ #machinelearningÂ #pythonÂ #pythonprogrammingÂ #pythonprojectsÂ #pythoncodeÂ #artificialintelligenceÂ #aiÂ #deeplearningÂ #sentimentanalysisÂ #sentimentÂ #nlpÂ #naturallanguageprocessingÂ #amankharwalÂ #thecleverprogrammer
2022-01-18,1941,1466,411,37,17,49,6,3,82,8,2,25,A neural network is a computational structure that connects an input layer to an output layer. Hereâ€™s how a neural network works.,#neuralnetworkÂ #machinelearningÂ #artificialintelligenceÂ #deeplearningÂ #pythonÂ #aiÂ #datascienceÂ #neuralnetworksÂ #programmingÂ #tensorflowÂ #datascientistÂ #pythonprogrammingÂ #techÂ #technologyÂ #artificialintelligenceaiÂ #machinelearningalgorithmsÂ #computerscienceÂ #codingÂ #mlÂ #dataÂ #amankharwalÂ #thecleverprogrammer
2022-01-19,16062,3144,11817,564,468,252,6,20,416,330,94,28.48484848,280 Machine Learning Projects Solved & Explained using Python programming language: Link in Bio,#dataÂ #datascienceÂ #dataanalysisÂ #dataanalyticsÂ #datascientistÂ #machinelearningÂ #pythonÂ #pythonprogrammingÂ #pythonprojectsÂ #pythoncodeÂ #artificialintelligenceÂ #aiÂ #deeplearningÂ #machinelearningprojectsÂ #datascienceprojectsÂ #amankharwalÂ #thecleverprogrammer
2022-01-20,4998,2331,2195,318,75,167,4,13,180,21,8,38.0952381,Here is how you can prepare yourself for your very first data science interview.,#dataÂ #datascienceÂ #dataanalysisÂ #dataanalyticsÂ #datascientistÂ #machinelearningÂ #pythonÂ #pythonprogrammingÂ #pythonprojectsÂ #pythoncodeÂ #artificialintelligenceÂ #aiÂ #deeplearningÂ #machinelearningprojectsÂ #datascienceprojectsÂ #amankharwalÂ #thecleverprogrammerÂ #interviewÂ #datascienceinterview
2022-01-21,4289,2746,869,589,24,111,8,4,150,19,18,94.73684211,Here is the difference between the process of Deep Learning and Machine Learning.,#dataÂ #datascienceÂ #dataanalysisÂ #dataanalyticsÂ #datascientistÂ #machinelearningÂ #pythonÂ #pythonprogrammingÂ #pythonprojectsÂ #pythoncodeÂ #artificialintelligenceÂ #aiÂ #deeplearningÂ #machinelearningprojectsÂ #datascienceprojectsÂ #amankharwalÂ #thecleverprogrammerÂ #interviewÂ #neuralnetworks
2022-01-22,3880,2207,1109,199,317,90,4,2,127,32,10,31.25,"Each company has its ways of creating an OTP for verification, but most of the companies have their systems programmed to generate a 6-digit random number. So here you will learn the complete process of OTP verification using Python.",#pythonÂ #pythonprogrammingÂ #pythonprojectsÂ #pythoncodeÂ #pythonlearningÂ #pythondeveloperÂ #pythoncodingÂ #pythonprogrammerÂ #amankharwalÂ #thecleverprogrammerÂ #pythonprojectsÂ #otpÂ #otpverification
2022-01-23,3786,2632,616,468,25,144,9,5,167,19,4,21.05263158,Hereâ€™s how you can create a QR code by using the Python programming language.,#pythonÂ #pythonprogrammingÂ #pythonprojectsÂ #pythoncodeÂ #pythonlearningÂ #pythondeveloperÂ #pythoncodingÂ #pythonprogrammerÂ #amankharwalÂ #thecleverprogrammerÂ #pythonprojectsÂ #qrcodes
2022-01-24,4298,3050,969,181,64,263,6,19,225,21,4,19.04761905,Here are some of the best Python project ideas for resume that you can work on as a Python developer.,#pythonÂ #pythonprogrammingÂ #pythonprojectsÂ #pythoncodeÂ #pythonlearningÂ #pythondeveloperÂ #pythoncodingÂ #pythonprogrammerÂ #amankharwalÂ #thecleverprogrammerÂ #pythonprojects
2022-01-25,3630,1747,1693,72,86,137,4,10,137,14,4,28.57142857,Here are some of the best data analysis project ideas for resume that you should try.,#dataÂ #datascienceÂ #dataanalysisÂ #dataanalyticsÂ #datascientistÂ #machinelearningÂ #pythonÂ #pythonprogrammingÂ #pythonprojectsÂ #pythoncodeÂ #artificialintelligenceÂ #aiÂ #deeplearningÂ #machinelearningprojectsÂ #datascienceprojectsÂ #amankharwalÂ #thecleverprogrammer
2022-01-26,2826,2108,583,76,34,67,3,3,114,30,4,13.33333333,Visualizing data is one of the most valuable skills every Data Scientist and Analyst should have. There are a lot of data visualizations to learn in data science. Here you will find a list of all data visualizations for data science explained using Python.,#dataanalyticsÂ #datascienceÂ #dataÂ #machinelearningÂ #datavisualizationÂ #bigdataÂ #artificialintelligenceÂ #datascientistÂ #pythonÂ #analyticsÂ #aiÂ #dataanalysisÂ #deeplearningÂ #technologyÂ #programmingÂ #codingÂ #dataanalystÂ #businessÂ #pythonprogrammingÂ #dataminingÂ #techÂ #businessintelligenceÂ #databaseÂ #computerscienceÂ #statisticsÂ #powerbiÂ #dataanalysisprojectsÂ #businessanalyticsÂ #thecleverprogrammerÂ #amankharwal
2022-01-27,7407,2782,1938,2237,226,288,5,15,263,39,18,46.15384615,Here are some of the most important machine learning algorithms that every beginner in machine learning should know.,#dataÂ #datascienceÂ #dataanalysisÂ #dataanalyticsÂ #datascientistÂ #machinelearningÂ #pythonÂ #pythonprogrammingÂ #pythonprojectsÂ #pythoncodeÂ #artificialintelligenceÂ #aiÂ #deeplearningÂ #machinelearningprojectsÂ #datascienceprojectsÂ #amankharwalÂ #thecleverprogrammer
2022-01-28,10386,4137,3551,2355,205,668,8,41,328,42,38,90.47619048,Here are some of the best websites that you can follow to learn everything in data science.,#dataÂ #datascienceÂ #dataanalysisÂ #dataanalyticsÂ #datascientistÂ #machinelearningÂ #pythonÂ #pythonprogrammingÂ #pythonprojectsÂ #pythoncodeÂ #artificialintelligenceÂ #aiÂ #deeplearningÂ #machinelearningprojectsÂ #datascienceprojectsÂ #amankharwalÂ #thecleverprogrammer
2022-01-29,2998,1945,794,84,139,42,4,1,126,31,10,32.25806452,Time series analysis means analyzing and finding patterns in a time series dataset. A time-series dataset is a sequence of data collected over an interval of time. Here you will learn how to do Time Series Analysis using Python.,#timeseriesÂ #timeÂ #statisticsÂ #datascienceÂ #bigdataÂ #machinelearningÂ #pythonÂ #aiÂ #timeseriesanalysisÂ #datavisualizationÂ #dataanalyticsÂ #dataÂ #iotÂ #analysisÂ #timeseriesmalaysiaÂ #artificialintelligenceÂ #analyticsÂ #amankharwalÂ #thecleverprogrammer
2022-01-30,7018,2569,4221,796,83,342,9,16,236,20,12,60,Here are some of the best data sources that you can use to collect data for your data science projects.,#dataÂ #datascienceÂ #dataanalysisÂ #dataanalyticsÂ #datascientistÂ #machinelearningÂ #pythonÂ #pythonprogrammingÂ #pythonprojectsÂ #pythoncodeÂ #artificialintelligenceÂ #aiÂ #deeplearningÂ #machinelearningprojectsÂ #datascienceprojectsÂ #amankharwalÂ #thecleverprogrammer
2022-01-31,2941,1716,1058,84,48,48,2,1,99,12,4,33.33333333,"One of the mistakes data science newbies make while working on a machine learning project is that they train a machine learning model, check its accuracy score, and then complete the project. They do not test the performance of the model by giving inputs to the model based on the features they used to train it. Here you will learn how to give inputs to a machine learning model to test its performance.",#dataÂ #datascienceÂ #dataanalysisÂ #dataanalyticsÂ #datascientistÂ #machinelearningÂ #pythonÂ #pythonprogrammingÂ #pythonprojectsÂ #pythoncodeÂ #artificialintelligenceÂ #aiÂ #deeplearningÂ #machinelearningprojectsÂ #datascienceprojectsÂ #amankharwalÂ #thecleverprogrammer
2022-02-01,6432,2812,2974,468,72,250,11,8,212,22,4,18.18181818,Here are some of the best data science project ideas for resume that you should try in 2022.,#dataÂ #datascienceÂ #dataanalysisÂ #dataanalyticsÂ #datascientistÂ #machinelearningÂ #pythonÂ #pythonprogrammingÂ #pythonprojectsÂ #pythoncodeÂ #artificialintelligenceÂ #aiÂ #deeplearningÂ #machinelearningprojectsÂ #datascienceprojectsÂ #amankharwalÂ #thecleverprogrammer
2022-02-02,10667,3152,6564,617,187,219,13,15,297,306,74,24.18300654,170 Python Projects with Source Code solved and explained for free: Link in Bio,#pythonÂ #pythonprogrammingÂ #pythonprojectsÂ #pythoncodeÂ #pythonlearningÂ #pythondeveloperÂ #pythoncodingÂ #pythonprogrammerÂ #amankharwalÂ #thecleverprogrammerÂ #pythonprojects
2022-02-03,3988,2415,802,545,64,118,6,9,142,13,0,0,Here are some of the most important data visualizations that every data scientist must know.,#datavisualizationÂ #datascienceÂ #dataÂ #dataanalyticsÂ #machinelearningÂ #dataanalysisÂ #artificialintelligenceÂ #pythonÂ #datascientistÂ #bigdataÂ #deeplearningÂ #datavizÂ #aiÂ #analyticsÂ #technologyÂ #dataanalystÂ #programmingÂ #pythonprogrammingÂ #statisticsÂ #codingÂ #businessintelligenceÂ #dataminingÂ #techÂ #businessÂ #computerscienceÂ #tableauÂ #databaseÂ #bigdataanalyticsÂ #powerbi
2022-02-04,4978,2125,2249,354,99,143,9,2,186,26,6,23.07692308,Here are some of the best data science projects ideas based on recommendation systems that you should try.,#recommendedÂ #recommendationsÂ #recommendationsystemÂ #recommendationÂ #dataÂ #datascienceÂ #dataanalysisÂ #dataanalyticsÂ #datascientistÂ #machinelearningÂ #pythonÂ #pythonprogrammingÂ #pythonprojectsÂ #pythoncodeÂ #artificialintelligenceÂ #aiÂ #amankharwalÂ #thecleverprogrammer
2022-02-05,3388,1975,1018,244,44,99,1,7,112,16,6,37.5,"Variance, covariance, and correlation are statistical measures for finding the relationship between data points in a dataset. Hereâ€™s the difference between variance, covariance, and correlation that you should know.",#datavisualizationÂ #datascienceÂ #dataÂ #dataanalyticsÂ #machinelearningÂ #dataanalysisÂ #artificialintelligenceÂ #pythonÂ #datascientistÂ #bigdataÂ #deeplearningÂ #datavizÂ #aiÂ #analyticsÂ #technologyÂ #dataanalystÂ #programmingÂ #pythonprogrammingÂ #statisticsÂ #amankharwalÂ #thecleverprogrammer
2022-02-06,4467,1910,1880,492,60,89,3,16,149,15,0,0,Here are some of the popular applications of data science in finance.,#dataÂ #datascienceÂ #dataanalysisÂ #dataanalyticsÂ #datascientistÂ #machinelearningÂ #pythonÂ #pythonprogrammingÂ #pythonprojectsÂ #pythoncodeÂ #artificialintelligenceÂ #aiÂ #deeplearningÂ #machinelearningprojectsÂ #datascienceprojectsÂ #amankharwalÂ #thecleverprogrammerÂ #financeÂ #businessÂ #moneyÂ #investing
2022-02-07,3246,2508,166,360,139,148,5,14,132,15,6,40,Here are some of the best websites to prepare for coding interviews.,#codingÂ #programmingÂ #programmerÂ #pythonÂ #developerÂ #javascriptÂ #codeÂ #coderÂ #technologyÂ #htmlÂ #computerscienceÂ #codinglifeÂ #javaÂ #webdeveloperÂ #techÂ #cssÂ #webdevelopmentÂ #softwareÂ #softwaredeveloperÂ #interviewÂ #jobÂ #codinginterviewÂ #amankharwalÂ #thecleverprogrammer
2022-02-08,5072,1780,3090,69,76,42,7,6,115,39,12,30.76923077,"The introduction of online payment systems has helped a lot in the ease of payments. But, at the same time, it increased in payment frauds. Here you will learn how to detect online payment frauds with machine learning using Python.",#dataÂ #datascienceÂ #dataanalysisÂ #dataanalyticsÂ #datascientistÂ #machinelearningÂ #pythonÂ #pythonprogrammingÂ #pythonprojectsÂ #pythoncodeÂ #artificialintelligenceÂ #aiÂ #deeplearningÂ #machinelearningprojectsÂ #datascienceprojectsÂ #amankharwalÂ #thecleverprogrammer
2022-02-09,6339,2190,4036,48,27,171,8,5,248,21,10,47.61904762,Here are some of the best data science project ideas on healthcare. If you want to become a data science professional in the healthcare domain then you must try to work on these projects.,#healthcareÂ #healthÂ #covidÂ #dataÂ #datascienceÂ #dataanalysisÂ #dataanalyticsÂ #datascientistÂ #machinelearningÂ #pythonÂ #pythonprogrammingÂ #pythonprojectsÂ #pythoncodeÂ #artificialintelligenceÂ #aiÂ #dataanalystÂ #amankharwalÂ #thecleverprogrammer
2022-02-10,4239,1711,2429,36,50,109,2,1,178,8,8,100,Here are some of the most important tools that I use daily as a Data Scientist/Analyst.,#dataÂ #datascienceÂ #dataanalysisÂ #dataanalyticsÂ #datascientistÂ #machinelearningÂ #pythonÂ #pythonprogrammingÂ #pythonprojectsÂ #pythoncodeÂ #artificialintelligenceÂ #aiÂ #deeplearningÂ #machinelearningprojectsÂ #datascienceprojectsÂ #amankharwalÂ #thecleverprogrammer
2022-02-11,3454,1663,1284,166,234,38,0,0,107,45,8,17.77777778,Here you will learn how to visualize the linear regression algorithm in machine learning using Python. Find this complete tutorial from the link in bioğŸ˜€,#dataÂ #datascienceÂ #dataanalysisÂ #dataanalyticsÂ #datascientistÂ #machinelearningÂ #pythonÂ #pythonprogrammingÂ #pythonprojectsÂ #pythoncodeÂ #artificialintelligenceÂ #aiÂ #deeplearningÂ #algorithmÂ #algorithmsÂ #machinelearningalgorithmsÂ #amankharwalÂ #thecleverprogrammer
2022-02-12,7571,3717,841,1716,1115,421,7,12,269,50,46,92,Here are some of the very useful Python scripts that you can use to solve real-time problems in your projects.,#pythonÂ #pythonprogrammingÂ #pythonprojectsÂ #pythoncodeÂ #pythonlearningÂ #pythondeveloperÂ #pythoncodingÂ #pythonprogrammerÂ #amankharwalÂ #thecleverprogrammer
2022-02-13,3333,1502,1423,182,148,38,3,5,96,37,12,32.43243243,"If you want to know how to predict the future prices of any cryptocurrency with machine learning, this will help you. Here you will learn how to predict the future prices of bitcoin with machine learning using Python.",#dataÂ #datascienceÂ #dataanalysisÂ #dataanalyticsÂ #datascientistÂ #machinelearningÂ #pythonÂ #pythonprogrammingÂ #pythonprojectsÂ #pythoncodeÂ #artificialintelligenceÂ #aiÂ #deeplearningÂ #machinelearningprojectsÂ #datascienceprojectsÂ #amankharwalÂ #thecleverprogrammerÂ #bitcoinÂ #cryptocurrency
2022-02-14,3818,2357,442,250,536,116,6,0,134,25,10,40,"To calculate the execution time of the program, we need to calculate the time taken by the program from its initiation to the final result. Hereâ€™s how to calculate the execution time of a Python program.",#pythonÂ #pythonprogrammingÂ #pythonprojectsÂ #pythoncodeÂ #pythonlearningÂ #pythondeveloperÂ #pythoncodingÂ #pythonprogrammerÂ #amankharwalÂ #thecleverprogrammer
2022-02-15,10933,3152,6610,623,334,225,13,15,301,347,94,27.08933718,170 Python Projects with Source Code solved and explained for free: Link in Bio,#pythonÂ #pythonprogrammingÂ #pythonprojectsÂ #pythoncodeÂ #pythonlearningÂ #pythondeveloperÂ #pythoncodingÂ #pythonprogrammerÂ #amankharwalÂ #thecleverprogrammerÂ #pythonprojects
2022-02-16,5058,2125,2250,362,111,144,9,2,187,26,6,23.07692308,Here are some of the best data science projects ideas based on recommendation systems that you should try.,#recommendedÂ #recommendationsÂ #recommendationsystemÂ #recommendationÂ #dataÂ #datascienceÂ #dataanalysisÂ #dataanalyticsÂ #datascientistÂ #machinelearningÂ #pythonÂ #pythonprogrammingÂ #pythonprojectsÂ #pythoncodeÂ #artificialintelligenceÂ #aiÂ #amankharwalÂ #thecleverprogrammer
2022-02-17,3601,1570,1518,174,167,51,0,3,94,48,10,20.83333333,One of the most popular use cases of data science is the task of sentiment analysis of product reviews sold on e-commerce platforms. Here you will learn how to analyze the sentiments of Flipkart reviews using Python.,#dataÂ #datascienceÂ #dataanalysisÂ #dataanalyticsÂ #datascientistÂ #machinelearningÂ #pythonÂ #pythonprogrammingÂ #pythonprojectsÂ #pythoncodeÂ #artificialintelligenceÂ #aiÂ #deeplearningÂ #sentimentanalysisÂ #sentimentÂ #nlpÂ #naturallanguageprocessingÂ #amankharwalÂ #thecleverprogrammerÂ #flipkart
2022-02-18,3480,1975,1019,245,72,104,1,7,114,16,6,37.5,"Variance, covariance, and correlation are statistical measures for finding the relationship between data points in a dataset. Hereâ€™s the difference between variance, covariance, and correlation that you should know.",#datavisualizationÂ #datascienceÂ #dataÂ #dataanalyticsÂ #machinelearningÂ #dataanalysisÂ #artificialintelligenceÂ #pythonÂ #datascientistÂ #bigdataÂ #deeplearningÂ #datavizÂ #aiÂ #analyticsÂ #technologyÂ #dataanalystÂ #programmingÂ #pythonprogrammingÂ #statisticsÂ #amankharwalÂ #thecleverprogrammer
2022-02-19,3525,1323,1699,182,292,33,5,0,96,26,4,15.38461538,You must have seen the news divided into categories when you go to a news website. Here you will learn how to classify news articles with machine learning using Python.,#dataÂ #datascienceÂ #dataanalysisÂ #dataanalyticsÂ #datascientistÂ #machinelearningÂ #pythonÂ #pythonprogrammingÂ #pythonprojectsÂ #pythoncodeÂ #artificialintelligenceÂ #aiÂ #deeplearningÂ #machinelearningprojectsÂ #datascienceprojectsÂ #amankharwalÂ #thecleverprogrammerÂ #news
2022-02-20,3606,2509,183,446,300,174,5,15,138,17,12,70.58823529,Here are some of the best websites to prepare for coding interviews.,#codingÂ #programmingÂ #programmerÂ #pythonÂ #developerÂ #javascriptÂ #codeÂ #coderÂ #technologyÂ #htmlÂ #computerscienceÂ #codinglifeÂ #javaÂ #webdeveloperÂ #techÂ #cssÂ #webdevelopmentÂ #softwareÂ #softwaredeveloperÂ #interviewÂ #jobÂ #codinginterviewÂ #amankharwalÂ #thecleverprogrammer
2022-02-21,5542,1782,3212,213,168,46,7,6,122,52,16,30.76923077,"The introduction of online payment systems has helped a lot in the ease of payments. But, at the same time, it increased in payment frauds. Here you will learn how to detect online payment frauds with machine learning using Python.",#dataÂ #datascienceÂ #dataanalysisÂ #dataanalyticsÂ #datascientistÂ #machinelearningÂ #pythonÂ #pythonprogrammingÂ #pythonprojectsÂ #pythoncodeÂ #artificialintelligenceÂ #aiÂ #deeplearningÂ #machinelearningprojectsÂ #datascienceprojectsÂ #amankharwalÂ #thecleverprogrammer
2022-02-22,6559,2225,4041,158,72,179,8,6,257,22,12,54.54545455,Here are some of the best data science project ideas on healthcare. If you want to become a data science professional in the healthcare domain then you must try to work on these projects.,#healthcareÂ #healthÂ #covidÂ #dataÂ #datascienceÂ #dataanalysisÂ #dataanalyticsÂ #datascientistÂ #machinelearningÂ #pythonÂ #pythonprogrammingÂ #pythonprojectsÂ #pythoncodeÂ #artificialintelligenceÂ #aiÂ #dataanalystÂ #amankharwalÂ #thecleverprogrammer
2022-02-23,3623,1179,1527,157,655,34,3,0,95,41,8,19.51219512,Learn how to create an interactive language translator using Python: Link in Bio,#pythonÂ #pythonprogrammingÂ #pythonprojectsÂ #pythoncodeÂ #pythonlearningÂ #pythondeveloperÂ #pythoncodingÂ #pythonprogrammerÂ #amankharwalÂ #thecleverprogrammerÂ #naturallanguageprocessingÂ #nlp
2022-02-24,10493,2106,7761,248,238,99,9,1,244,155,32,20.64516129,Here is a list of 100+ Machine Learning Algorithms and Models explained using Python that will help you to understand the implementation of all the machine learning algorithms and models in solving real-time business problems. You can find this list of 100+ Machine Learning Algorithms and Models from the link in bio.,#dataÂ #datascienceÂ #dataanalysisÂ #dataanalyticsÂ #datascientistÂ #machinelearningÂ #pythonÂ #pythonprogrammingÂ #pythonprojectsÂ #pythoncodeÂ #artificialintelligenceÂ #aiÂ #deeplearningÂ #algorithmÂ #algorithmsÂ #machinelearningalgorithmsÂ #amankharwalÂ #thecleverprogrammer
2022-02-25,4446,2454,1590,192,69,174,6,11,190,12,8,66.66666667,Here are some of the best YouTube channels that you can follow to learn data science.,#dataÂ #datascienceÂ #dataanalysisÂ #dataanalyticsÂ #datascientistÂ #machinelearningÂ #pythonÂ #pythonprogrammingÂ #pythonprojectsÂ #pythoncodeÂ #artificialintelligenceÂ #aiÂ #deeplearningÂ #machinelearningprojectsÂ #datascienceprojectsÂ #amankharwalÂ #thecleverprogrammer
2022-02-26,2957,1926,349,217,369,70,4,2,118,22,16,72.72727273,Python program to count the number of capital letters from a file.,#pythonÂ #pythonprogrammingÂ #pythonprojectsÂ #pythoncodeÂ #pythonlearningÂ #pythondeveloperÂ #pythoncodingÂ #pythonprogrammerÂ #amankharwalÂ #thecleverprogrammerÂ #pythonprogramÂ @codergallery
2022-02-27,5538,2597,2376,412,63,149,6,6,178,20,6,30,"Follow these steps to collect your WhatsApp chat data for a data science project. You can use your WhatsApp chat data for Text Analysis, Sentiment Analysis, and many more tasks based on Natural Language Processing.",#dataÂ #datascienceÂ #dataanalysisÂ #dataanalyticsÂ #datascientistÂ #machinelearningÂ #pythonÂ #pythonprogrammingÂ #pythonprojectsÂ #pythoncodeÂ #artificialintelligenceÂ #aiÂ #deeplearningÂ #machinelearningprojectsÂ #datascienceprojectsÂ #amankharwalÂ #thecleverprogrammerÂ #whatsapp
2022-02-28,4681,2252,1674,360,308,207,7,12,170,23,10,43.47826087,Here are some of the best resources on the internet to learn machine learning for free.,#dataÂ #datascienceÂ #dataanalysisÂ #dataanalyticsÂ #datascientistÂ #machinelearningÂ #pythonÂ #pythonprogrammingÂ #pythonprojectsÂ #pythoncodeÂ #artificialintelligenceÂ #aiÂ #deeplearningÂ #machinelearningprojectsÂ #datascienceprojectsÂ #amankharwalÂ #thecleverprogrammer
2022-03-01,5273,2673,2003,433,114,318,9,22,250,25,10,40,"Here is a complete roadmap to data science that you can follow to learn data science from scratch. All the resources to learn from are also mentioned here. Swipe>>, Save, and Share.",#dataÂ #datascienceÂ #dataanalysisÂ #dataanalyticsÂ #datascientistÂ #machinelearningÂ #pythonÂ #pythonprogrammingÂ #pythonprojectsÂ #pythoncodeÂ #artificialintelligenceÂ #aiÂ #deeplearningÂ #machinelearningprojectsÂ #datascienceprojectsÂ #amankharwalÂ #thecleverprogrammerÂ #roadmap
2022-03-02,5055,2017,2351,298,108,101,7,11,159,17,6,35.29411765,"In Data Science, Time Series Analysis is a method of analyzing data collected over an interval of time. Stock price data and covid-19 cases data are examples of time-series data. Time Series Analysis helps understand the underlying causes of trends and patterns at particular time intervals. So it is one of the topics that every data scientist should know perfectly. So if you are looking for some of the best books to learn Time Series Analysis, you can choose any one among these books.",#timeseriesÂ #timeÂ #statisticsÂ #datascienceÂ #bigdataÂ #machinelearningÂ #pythonÂ #aiÂ #timeseriesanalysisÂ #datavisualizationÂ #dataanalyticsÂ #dataÂ #iotÂ #analysisÂ #timeseriesmalaysiaÂ #artificialintelligenceÂ #analyticsÂ #amankharwalÂ #thecleverprogrammer
2022-03-03,4002,3401,278,128,73,111,17,18,205,16,2,12.5,"Here are some of the highest paying skills in 2022 that you should start learning today. These skills do not require you to come from a specific education background. If you are passionate about learning any of these skills, then you can easily find so many free resources on the internet. If you donâ€™t know how to find free resources to learn these skills, feel free to reach meÂ @aman.kharwal, I will be happy to guide you.",#careerÂ #jobÂ #jobsÂ #jobsearchÂ #educationÂ #businessÂ #successÂ #careergoalsÂ #motivationÂ #workÂ #careerdevelopmentÂ #careersÂ #goalsÂ #resumeÂ #studentsÂ #careeradviceÂ #datascienceÂ #marketingÂ #digitalmarketingÂ #mediaÂ #socialmediaÂ #ITÂ #webdevelopmentÂ #amankharwalÂ #thecleverprogrammer
2022-03-04,3169,1979,707,341,32,106,8,1,121,21,2,9.523809524,"In Data Science, Time Series Analysis is a method of analyzing data collected over an interval of time. Stock price data and covid-19 cases data are examples of time-series data. Time Series Analysis helps understand the underlying causes of trends and patterns at particular time intervals. So it is one of the topics that every data scientist should know perfectly. So if you are looking for some of the best data science project ideas on Time Series Analysis, you should try to work on these projects.",#timeseriesÂ #timeÂ #statisticsÂ #datascienceÂ #bigdataÂ #machinelearningÂ #pythonÂ #aiÂ #timeseriesanalysisÂ #datavisualizationÂ #dataanalyticsÂ #dataÂ #iotÂ #analysisÂ #timeseriesmalaysiaÂ #artificialintelligenceÂ #analyticsÂ #amankharwalÂ #thecleverprogrammer
2022-03-05,6168,2177,3450,153,296,82,6,6,151,77,30,38.96103896,"Stress, anxiety, and depression are threatening the mental health of people. Every person has a reason for having a stressful life. People often share their feelings on social media platforms like on Instagram in the form of posts and stories, and on Reddit in the form of asking for suggestions about their life on subreddits. In the past few years, many content creators have come forward to create content to help people with their mental health. Many organizations can use stress detection to find which social media users are stressed to help them quickly. So if you want to learn how to use machine learning to detect stress on social media posts, this data science project is for you. Detection of stress from social media posts with machine learning using Python: Link in Bio.",#dataÂ #datascienceÂ #dataanalysisÂ #dataanalyticsÂ #datascientistÂ #machinelearningÂ #pythonÂ #pythonprogrammingÂ #pythonprojectsÂ #pythoncodeÂ #artificialintelligenceÂ #aiÂ #deeplearningÂ #machinelearningprojectsÂ #datascienceprojectsÂ #amankharwalÂ #thecleverprogrammerÂ #machinelearningmodelsÂ #stressÂ #stressdetection
2022-03-06,2407,1338,655,276,39,40,8,20,72,10,0,0,Data Science Use Cases: Hereâ€™s how Zomato is using your data for its future business model.,#dataÂ #datascienceÂ #dataanalysisÂ #dataanalyticsÂ #datascientistÂ #machinelearningÂ #pythonÂ #pythonprogrammingÂ #pythonprojectsÂ #pythoncodeÂ #artificialintelligenceÂ #aiÂ #deeplearningÂ #machinelearningprojectsÂ #datascienceprojectsÂ #amankharwalÂ #thecleverprogrammerÂ #machinelearningmodelsÂ #zomatoÂ #businessÂ #casestudyÂ #businessmodel
2022-03-07,3630,1747,1693,72,86,137,4,10,137,14,4,28.57142857,Here are some of the best data analysis project ideas for resume that you should try.,#dataÂ #datascienceÂ #dataanalysisÂ #dataanalyticsÂ #datascientistÂ #machinelearningÂ #pythonÂ #pythonprogrammingÂ #pythonprojectsÂ #pythoncodeÂ #artificialintelligenceÂ #aiÂ #deeplearningÂ #machinelearningprojectsÂ #datascienceprojectsÂ #amankharwalÂ #thecleverprogrammer
2022-03-08,2826,2108,583,76,34,67,3,3,114,30,4,13.33333333,Visualizing data is one of the most valuable skills every Data Scientist and Analyst should have. There are a lot of data visualizations to learn in data science. Here you will find a list of all data visualizations for data science explained using Python.,#dataanalyticsÂ #datascienceÂ #dataÂ #machinelearningÂ #datavisualizationÂ #bigdataÂ #artificialintelligenceÂ #datascientistÂ #pythonÂ #analyticsÂ #aiÂ #dataanalysisÂ #deeplearningÂ #technologyÂ #programmingÂ #codingÂ #dataanalystÂ #businessÂ #pythonprogrammingÂ #dataminingÂ #techÂ #businessintelligenceÂ #databaseÂ #computerscienceÂ #statisticsÂ #powerbiÂ #dataanalysisprojectsÂ #businessanalyticsÂ #thecleverprogrammerÂ #amankharwal
2022-03-09,7407,2782,1938,2237,226,288,5,15,263,39,18,46.15384615,Here are some of the most important machine learning algorithms that every beginner in machine learning should know.,#dataÂ #datascienceÂ #dataanalysisÂ #dataanalyticsÂ #datascientistÂ #machinelearningÂ #pythonÂ #pythonprogrammingÂ #pythonprojectsÂ #pythoncodeÂ #artificialintelligenceÂ #aiÂ #deeplearningÂ #machinelearningprojectsÂ #datascienceprojectsÂ #amankharwalÂ #thecleverprogrammer
2022-03-10,10386,4137,3551,2355,205,668,8,41,328,42,38,90.47619048,Here are some of the best websites that you can follow to learn everything in data science.,#dataÂ #datascienceÂ #dataanalysisÂ #dataanalyticsÂ #datascientistÂ #machinelearningÂ #pythonÂ #pythonprogrammingÂ #pythonprojectsÂ #pythoncodeÂ #artificialintelligenceÂ #aiÂ #deeplearningÂ #machinelearningprojectsÂ #datascienceprojectsÂ #amankharwalÂ #thecleverprogrammer
2022-03-11,2998,1945,794,84,139,42,4,1,126,31,10,32.25806452,Time series analysis means analyzing and finding patterns in a time series dataset. A time-series dataset is a sequence of data collected over an interval of time. Here you will learn how to do Time Series Analysis using Python.,#timeseriesÂ #timeÂ #statisticsÂ #datascienceÂ #bigdataÂ #machinelearningÂ #pythonÂ #aiÂ #timeseriesanalysisÂ #datavisualizationÂ #dataanalyticsÂ #dataÂ #iotÂ #analysisÂ #timeseriesmalaysiaÂ #artificialintelligenceÂ #analyticsÂ #amankharwalÂ #thecleverprogrammer
2022-03-12,3052,2608,201,121,87,63,5,14,129,14,2,14.28571429,Here are all the programming languages that Google uses in the Front-end and the back-end of Google.,#programmingÂ #codingÂ #programmerÂ #pythonÂ #developerÂ #javascriptÂ #technologyÂ #codeÂ #coderÂ #javaÂ #htmlÂ #computerscienceÂ #techÂ #cssÂ #webdeveloperÂ #softwareÂ #webdevelopmentÂ #codinglifeÂ #softwaredeveloperÂ #linuxÂ #programmingmemesÂ #webdesignÂ #programmersÂ #phpÂ #programminglifeÂ #machinelearningÂ #hackingÂ #pythonprogrammingÂ #thecleverprogrammerÂ #amankharwal
2022-03-13,4628,2406,1260,861,26,144,8,3,160,10,4,40,"Deep Learning is a subset of machine learning. If you want to become a machine learning engineer, you should know everything about deep learning. If you are looking for some of the best free resources to learn deep learning then here are the two best free resources to learn deep learning.",#deeplearningÂ #machinelearningÂ #artificialintelligenceÂ #datascienceÂ #aiÂ #pythonÂ #codingÂ #technologyÂ #programmingÂ #bigdataÂ #dataanalyticsÂ #datascientistÂ #dataÂ #computerscienceÂ #techÂ #neuralnetworkÂ #amankharwalÂ #thecleverprogrammer
2022-03-14,4082,2195,1248,541,36,135,11,5,175,19,6,31.57894737,Deep learning is a subset of machine learning in which we use artificial neural networks to train models to solve complex problems where we need a large amount of data compared to other machine learning algorithms. Here are some of the best deep learning project ideas that you must try.,#deeplearningÂ #machinelearningÂ #artificialintelligenceÂ #datascienceÂ #aiÂ #pythonÂ #codingÂ #technologyÂ #programmingÂ #bigdataÂ #dataanalyticsÂ #datascientistÂ #dataÂ #computerscienceÂ #techÂ #neuralnetworkÂ #amankharwalÂ #thecleverprogrammer
2022-03-15,5394,2275,2975,45,65,61,19,6,147,69,6,8.695652174,"You must have heard or invested in any cryptocurrency once in your life. It is a digital medium of exchange that is encrypted and decentralized. If you want to know how to predict the future prices of any cryptocurrency with machine learning, this will help you. Here you will learn how to predict the future prices of bitcoin with machine learning using Python.",#dataÂ #datascienceÂ #dataanalysisÂ #dataanalyticsÂ #datascientistÂ #machinelearningÂ #pythonÂ #pythonprogrammingÂ #pythonprojectsÂ #pythoncodeÂ #artificialintelligenceÂ #aiÂ #deeplearningÂ #machinelearningprojectsÂ #datascienceprojectsÂ #amankharwalÂ #thecleverprogrammerÂ #bitcoinÂ #cryptocurrency
2022-03-16,2766,2541,116,51,9,40,10,4,114,11,6,54.54545455,Here are all the programming languages that Facebook uses in the Front-end and the back-end of Facebook.,#programmingÂ #codingÂ #programmerÂ #pythonÂ #developerÂ #javascriptÂ #technologyÂ #codeÂ #coderÂ #javaÂ #htmlÂ #computerscienceÂ #techÂ #cssÂ #webdeveloperÂ #softwareÂ #webdevelopmentÂ #codinglifeÂ #softwaredeveloperÂ #linuxÂ #programmingmemesÂ #webdesignÂ #programmersÂ #phpÂ #programminglifeÂ #machinelearningÂ #hackingÂ #pythonprogrammingÂ #thecleverprogrammerÂ #amankharwal
2022-03-17,3924,2244,1278,326,34,139,11,3,151,19,2,10.52631579,Here are some of the most popular data science case studies and projects that every data science beginner should try. You can find these case studies and projects with solutions at Kaggle.,#dataÂ #datascienceÂ #dataanalysisÂ #dataanalyticsÂ #datascientistÂ #machinelearningÂ #pythonÂ #pythonprogrammingÂ #pythonprojectsÂ #pythoncodeÂ #artificialintelligenceÂ #aiÂ #deeplearningÂ #algorithmÂ #algorithmsÂ #machinelearningalgorithmsÂ #mlÂ #amankharwalÂ #thecleverprogrammerÂ #projectsÂ #casestudies
2022-03-18,3015,2034,771,115,41,52,11,4,92,9,2,22.22222222,Hereâ€™s how Amazon uses your data as an e-commerce platform. I hope this post will help you to understand how Amazon is using data science to improve the quality of its services.,#dataÂ #datascienceÂ #dataanalysisÂ #dataanalyticsÂ #datascientistÂ #machinelearningÂ #pythonÂ #pythonprogrammingÂ #pythonprojectsÂ #pythoncodeÂ #artificialintelligenceÂ #aiÂ #deeplearningÂ #machinelearningprojectsÂ #datascienceprojectsÂ #amankharwalÂ #thecleverprogrammerÂ #machinelearningmodelsÂ #zomatoÂ #businessÂ #casestudyÂ #businessmodelÂ #amazonfinds
2022-03-19,5409,2643,2006,1068,230,393,10,27,275,38,14,36.84210526,"Here is a complete roadmap to data science that you can follow to learn data science from scratch. All the resources to learn from are also mentioned here. Swipe>>, Save, and Share.",#dataÂ #datascienceÂ #dataanalysisÂ #dataanalyticsÂ #datascientistÂ #machinelearningÂ #pythonÂ #pythonprogrammingÂ #pythonprojectsÂ #pythoncodeÂ #artificialintelligenceÂ #aiÂ #deeplearningÂ #machinelearningprojectsÂ #datascienceprojectsÂ #amankharwalÂ #thecleverprogrammerÂ #roadmap
2022-03-20,5323,2000,2053,988,74,152,6,13,192,42,8,19.04761905,"If you are looking for some trending and unique topics for working on a data science project, then here are some data science project ideas based on trending and unique topics that you can try.",#dataÂ #datascienceÂ #dataanalysisÂ #dataanalyticsÂ #datascientistÂ #machinelearningÂ #pythonÂ #pythonprogrammingÂ #pythonprojectsÂ #pythoncodeÂ #artificialintelligenceÂ #aiÂ #deeplearningÂ #machinelearningprojectsÂ #datascienceprojectsÂ #amankharwalÂ #thecleverprogrammer
2022-03-21,8001,2261,5055,300,172,83,8,7,203,92,14,15.2173913,"Many countries are supporting Ukraine by introducing economic sanctions on Russia. There are a lot of tweets about the Ukraine and Russia war where people tend to update about the ground truths, what they feel about it, and who they are supporting. Here you will learn to analyze the sentiments of people over the Ukraine and Russian War. Learn how to perform twitter sentiment analysis on Ukraine and Russia War using Python from the link in bio.",#dataÂ #datascienceÂ #dataanalysisÂ #dataanalyticsÂ #datascientistÂ #machinelearningÂ #pythonÂ #pythonprogrammingÂ #pythonprojectsÂ #pythoncodeÂ #artificialintelligenceÂ #aiÂ #deeplearningÂ #sentimentanalysisÂ #sentimentÂ #nlpÂ #naturallanguageprocessingÂ #amankharwalÂ #thecleverprogrammerÂ #ukraine
2022-03-22,4150,1807,1085,463,792,74,4,2,145,75,28,37.33333333,"Each company has its ways of creating an OTP for verification, but most of the companies have their systems programmed to generate a 6-digit random number. So here you will learn the complete process of OTP verification using Python.",#pythonÂ #pythonprogrammingÂ #pythonprojectsÂ #pythoncodeÂ #pythonlearningÂ #pythondeveloperÂ #pythoncodingÂ #pythonprogrammerÂ #amankharwalÂ #thecleverprogrammerÂ #pythonprojectsÂ #otpÂ #otpverification
2022-03-23,4609,2032,911,857,532,94,1,12,168,21,18,85.71428571,Here are the real world applications of Python in the industry.,#pythonÂ #pythonprogrammingÂ #pythonprojectsÂ #pythoncodeÂ #pythonlearningÂ #pythondeveloperÂ #pythoncodingÂ #pythonprogrammerÂ #amankharwalÂ #thecleverprogrammerÂ #codingÂ #programmingÂ #computerscienceÂ #datascienceÂ #webdevelopmentÂ #machinelearning
2022-03-24,6348,2517,2660,737,154,188,4,15,194,26,12,46.15384615,"If you are a Data Science student, you must have found it hard to choose a topic for creating your first data science project as a beginner. Some universities give a list that you can choose from, while some universities give complete freedom to the students to choose any topic. So how should you choose a topic for a data science project? Here is a complete guide on how to choose a topic for a data science project.",#dataÂ #datascienceÂ #dataanalysisÂ #dataanalyticsÂ #datascientistÂ #machinelearningÂ #pythonÂ #pythonprogrammingÂ #pythonprojectsÂ #pythoncodeÂ #artificialintelligenceÂ #aiÂ #deeplearningÂ #machinelearningprojectsÂ #datascienceprojectsÂ #amankharwalÂ #thecleverprogrammer
2022-03-25,11068,2099,2986,5634,122,214,7,8,250,39,34,87.17948718,Here are some of the best data science project ideas based on Social Media that you should try in 2022.,#dataÂ #datascienceÂ #dataanalysisÂ #dataanalyticsÂ #datascientistÂ #machinelearningÂ #pythonÂ #pythonprogrammingÂ #pythonprojectsÂ #pythoncodeÂ #artificialintelligenceÂ #aiÂ #deeplearningÂ #machinelearningprojectsÂ #datascienceprojectsÂ #amankharwalÂ #thecleverprogrammer
2022-03-26,7231,1855,4156,703,309,73,8,3,171,74,26,35.13513514,"I have been researching Instagram reach for a long time now. Every time I post on my Instagram account, I collect data on how well the post reach after a week. That helps in understanding how Instagram's algorithm is working. Here you will learn how to perform Instagram Reach Analysis and predict the reach of your Instagram posts with machine learning using Python.",#dataÂ #datascienceÂ #dataanalysisÂ #dataanalyticsÂ #datascientistÂ #machinelearningÂ #pythonÂ #pythonprogrammingÂ #pythonprojectsÂ #pythoncodeÂ #artificialintelligenceÂ #aiÂ #deeplearningÂ #machinelearningprojectsÂ #datascienceprojectsÂ #amankharwalÂ #thecleverprogrammerÂ #instagramÂ #instagramreach
2022-03-27,17396,1817,10008,5192,251,285,7,7,416,467,260,55.6745182,Here is a list of 100+ Machine Learning Algorithms and Models explained using Python that will help you to understand the implementation of all the machine learning algorithms and models in solving real-time business problems. You can find this list of 100+ Machine Learning Algorithms and Models from the link in bio.,#machinelearningÂ #machinelearningalgorithmsÂ #datascienceÂ #dataanalysisÂ #dataanalyticsÂ #datascientistÂ #pythonÂ #pythonprogrammingÂ #pythonprojectsÂ #pythoncodeÂ #artificialintelligenceÂ #aiÂ #deeplearningÂ #algorithmÂ #algorithmsÂ #amankharwalÂ #thecleverprogrammer
2022-03-28,6814,2816,2769,900,128,469,8,22,249,24,16,66.66666667,Here are some of the best websites that you can follow to learn everything in data science.,#datascienceÂ #datasciencejobsÂ #datasciencetrainingÂ #datascienceeducationÂ #datasciencecourseÂ #dataÂ #dataanalysisÂ #dataanalyticsÂ #datascientistÂ #machinelearningÂ #artificialintelligenceÂ #aiÂ #deeplearningÂ #machinelearningprojectsÂ #datascienceprojectsÂ #amankharwalÂ #thecleverprogrammer
2022-03-29,17713,2449,2141,12389,561,504,3,23,308,70,96,137.1428571,Here are some of the best resources to learn SQL for data science.,#sqlÂ #mysqlÂ #datascienceÂ #datasciencejobsÂ #datasciencetrainingÂ #datascienceeducationÂ #datasciencecourseÂ #dataÂ #dataanalysisÂ #dataanalyticsÂ #datascientistÂ #machinelearningÂ #artificialintelligenceÂ #aiÂ #deeplearningÂ #machinelearningprojectsÂ #datascienceprojectsÂ #amankharwalÂ #thecleverprogrammer
2022-03-30,5563,3813,362,1135,76,149,5,8,163,22,20,90.90909091,Here are the best Python libraries for data visualization that you should learn for data science.,#datavisualizationÂ #datascienceÂ #datasciencejobsÂ #datasciencetrainingÂ #datascienceeducationÂ #datasciencecourseÂ #dataÂ #dataanalysisÂ #dataanalyticsÂ #datascientistÂ #machinelearningÂ #artificialintelligenceÂ #aiÂ #deeplearningÂ #machinelearningprojectsÂ #datascienceprojectsÂ #amankharwalÂ #thecleverprogrammer
2022-03-31,4842,1658,694,2036,310,55,6,4,86,46,30,65.2173913,Learn how to create an interactive language translator using the Python programming language.,#pythonÂ #pythonprogrammingÂ #pythoncodeÂ #pythonlearningÂ #pythondeveloperÂ #pythonprogrammerÂ #pythonprojectsÂ #python3Â #pythoncodingÂ #pythonprogramminglanguageÂ #amankharwalÂ #thecleverprogrammerÂ #nlpÂ #naturallanguageprocessing
2022-04-01,11149,4439,747,5762,53,273,4,13,210,61,58,95.08196721,"Python is one of the best programming languages for numerical calculations. So you should know how to calculate mean, median and mode using Python without using any built-in Python library or module. Hereâ€™s how to calculate mean, median, and mode using Python.",#pythonÂ #pythonprogrammingÂ #pythoncodeÂ #pythonlearningÂ #pythondeveloperÂ #pythonprogrammerÂ #pythonprojectsÂ #python3Â #pythoncodingÂ #pythonprogramminglanguageÂ #amankharwalÂ #thecleverprogrammer
2022-04-02,10206,2371,1624,6000,117,182,10,17,172,237,100,42.19409283,Practice these 90+ Data Science Projects For Beginners Solved & Explained using Python. Find all these projects from the link in bio.,#datascienceÂ #datasciencejobsÂ #datasciencetrainingÂ #datascienceeducationÂ #datasciencecourseÂ #dataÂ #dataanalysisÂ #dataanalyticsÂ #datascientistÂ #machinelearningÂ #artificialintelligenceÂ #aiÂ #deeplearningÂ #machinelearningprojectsÂ #datascienceprojectsÂ #amankharwalÂ #thecleverprogrammer
2022-04-03,13700,5185,3041,5352,77,573,2,38,373,73,80,109.5890411,Here are some of the best data science certifications that you can choose from in 2022.,#datascienceÂ #datasciencejobsÂ #datasciencetrainingÂ #datascienceeducationÂ #datasciencecourseÂ #dataÂ #dataanalysisÂ #dataanalyticsÂ #datascientistÂ #machinelearningÂ #artificialintelligenceÂ #aiÂ #deeplearningÂ #machinelearningprojectsÂ #datascienceprojectsÂ #amankharwalÂ #thecleverprogrammer
2022-04-04,5731,1923,1368,2266,65,135,4,1,148,20,18,90,"Clustering is a machine learning technique used to classify data points, charaterized by some specific features into groups. It is an unsupervised machine learning method where the data we deal with is not labelled. Here are some of the best Machine Learning project ideas on Clustering that you should try.",#machinelearningÂ #machinelearningalgorithmsÂ #datascienceÂ #dataanalysisÂ #dataanalyticsÂ #datascientistÂ #pythonÂ #pythonprogrammingÂ #pythonprojectsÂ #pythoncodeÂ #artificialintelligenceÂ #aiÂ #deeplearningÂ #algorithmÂ #algorithmsÂ #amankharwalÂ #thecleverprogrammerÂ #clustering
2022-04-05,4139,1133,1538,1367,33,36,0,1,92,34,10,29.41176471,Clustering music genres is a task of grouping music based on the similarities in their audio characteristics. Here you will learn how to do clustering analysis of music genres with Machine Learning using Python.,#machinelearningÂ #machinelearningalgorithmsÂ #datascienceÂ #dataanalysisÂ #dataanalyticsÂ #datascientistÂ #pythonÂ #pythonprogrammingÂ #pythonprojectsÂ #pythoncodeÂ #artificialintelligenceÂ #aiÂ #deeplearningÂ #algorithmÂ #algorithmsÂ #amankharwalÂ #thecleverprogrammerÂ #clustering
2022-04-06,32695,11815,3147,17414,170,1095,2,75,549,148,214,144.5945946,Here are some of the best data science certifications that you can choose from in 2022.,#datascienceÂ #datasciencejobsÂ #datasciencetrainingÂ #datascienceeducationÂ #datasciencecourseÂ #dataÂ #dataanalysisÂ #dataanalyticsÂ #datascientistÂ #machinelearningÂ #artificialintelligenceÂ #aiÂ #deeplearningÂ #machinelearningprojectsÂ #datascienceprojectsÂ #amankharwalÂ #thecleverprogrammer
2022-04-07,36919,13473,4176,16444,2547,653,5,26,443,611,228,37.31587561,175 Python Projects with Source Code solved and explained for free: Link in Bio,#pythonÂ #pythonprogrammingÂ #pythonprojectsÂ #pythoncodeÂ #pythonlearningÂ #pythondeveloperÂ #pythoncodingÂ #pythonprogrammerÂ #amankharwalÂ #thecleverprogrammerÂ #pythonprojects
2022-04-08,6869,2514,2669,794,268,212,4,15,201,31,12,38.70967742,"If you are a Data Science student, you must have found it hard to choose a topic for creating your first data science project as a beginner. Some universities give a list that you can choose from, while some universities give complete freedom to the students to choose any topic. So how should you choose a topic for a data science project? Here is a complete guide on how to choose a topic for a data science project.",#data #datascience #dataanalysis #dataanalytics #datascientist #machinelearning #python #pythonprogramming #pythonprojects #pythoncode #artificialintelligence #ai #deeplearning #machinelearningprojects #datascienceprojects #amankharwal #thecleverprogrammer
2022-04-09,11561,2099,2994,5726,187,237,7,9,258,46,40,86.95652174,Here are some of the best data science project ideas based on Social Media that you should try in 2022.,#dataÂ #datascienceÂ #dataanalysisÂ #dataanalyticsÂ #datascientistÂ #machinelearningÂ #pythonÂ #pythonprogrammingÂ #pythonprojectsÂ #pythoncodeÂ #artificialintelligenceÂ #aiÂ #deeplearningÂ #machinelearningprojectsÂ #datascienceprojectsÂ #amankharwalÂ #thecleverprogrammer
2022-04-10,7736,1856,4211,721,423,82,12,8,175,88,36,40.90909091,"I have been researching Instagram reach for a long time now. Every time I post on my Instagram account, I collect data on how well the post reach after a week. That helps in understanding how Instagram's algorithm is working. Here you will learn how to perform Instagram Reach Analysis and predict the reach of your Instagram posts with machine learning using Python.",#dataÂ #datascienceÂ #dataanalysisÂ #dataanalyticsÂ #datascientistÂ #machinelearningÂ #pythonÂ #pythonprogrammingÂ #pythonprojectsÂ #pythoncodeÂ #artificialintelligenceÂ #aiÂ #deeplearningÂ #machinelearningprojectsÂ #datascienceprojectsÂ #amankharwalÂ #thecleverprogrammerÂ #instagramÂ #instagramreach
2022-04-11,18629,1820,10080,5618,485,318,7,14,433,533,308,57.78611632,Here is a list of 100+ Machine Learning Algorithms and Models explained using Python that will help you to understand the implementation of all the machine learning algorithms and models in solving real-time business problems. You can find this list of 100+ Machine Learning Algorithms and Models from the link in bio.,#machinelearningÂ #machinelearningalgorithmsÂ #datascienceÂ #dataanalysisÂ #dataanalyticsÂ #datascientistÂ #pythonÂ #pythonprogrammingÂ #pythonprojectsÂ #pythoncodeÂ #artificialintelligenceÂ #aiÂ #deeplearningÂ #algorithmÂ #algorithmsÂ #amankharwalÂ #thecleverprogrammer
2022-04-12,7698,2818,2797,1038,297,560,8,33,274,34,26,76.47058824,Here are some of the best websites that you can follow to learn everything in data science.,#datascienceÂ #datasciencejobsÂ #datasciencetrainingÂ #datascienceeducationÂ #datasciencecourseÂ #dataÂ #dataanalysisÂ #dataanalyticsÂ #datascientistÂ #machinelearningÂ #artificialintelligenceÂ #aiÂ #deeplearningÂ #machinelearningprojectsÂ #datascienceprojectsÂ #amankharwalÂ #thecleverprogrammer
2022-04-13,20449,2449,2178,13774,1357,618,4,26,349,109,148,135.7798165,Here are some of the best resources to learn SQL for data science.,#sqlÂ #mysqlÂ #datascienceÂ #datasciencejobsÂ #datasciencetrainingÂ #datascienceeducationÂ #datasciencecourseÂ #dataÂ #dataanalysisÂ #dataanalyticsÂ #datascientistÂ #machinelearningÂ #artificialintelligenceÂ #aiÂ #deeplearningÂ #machinelearningprojectsÂ #datascienceprojectsÂ #amankharwalÂ #thecleverprogrammer
2022-04-14,6803,3819,739,1604,257,211,5,9,200,38,40,105.2631579,Here are the best Python libraries for data visualization that you should learn for data science.,#datavisualizationÂ #datascienceÂ #datasciencejobsÂ #datasciencetrainingÂ #datascienceeducationÂ #datasciencecourseÂ #dataÂ #dataanalysisÂ #dataanalyticsÂ #datascientistÂ #machinelearningÂ #artificialintelligenceÂ #aiÂ #deeplearningÂ #machinelearningprojectsÂ #datascienceprojectsÂ #amankharwalÂ #thecleverprogrammer
2022-04-15,16946,4562,816,10633,186,387,4,23,264,100,116,116,"Python is one of the best programming languages for numerical calculations. So you should know how to calculate mean, median and mode using Python without using any built-in Python library or module. Hereâ€™s how to calculate mean, median, and mode using Python.",#pythonÂ #pythonprogrammingÂ #pythoncodeÂ #pythonlearningÂ #pythondeveloperÂ #pythonprogrammerÂ #pythonprojectsÂ #python3Â #pythoncodingÂ #pythonprogramminglanguageÂ #amankharwalÂ #thecleverprogrammer
2022-04-16,34072,2561,1793,28231,607,463,10,44,277,650,398,61.23076923,Practice these 90+ Data Science Projects For Beginners Solved & Explained using Python. Find all these projects from the link in bio.,#datascienceÂ #datasciencejobsÂ #datasciencetrainingÂ #datascienceeducationÂ #datasciencecourseÂ #dataÂ #dataanalysisÂ #dataanalyticsÂ #datascientistÂ #machinelearningÂ #artificialintelligenceÂ #aiÂ #deeplearningÂ #machinelearningprojectsÂ #datascienceprojectsÂ #amankharwalÂ #thecleverprogrammer
2022-04-17,42417,11925,3291,25425,801,1659,5,129,728,259,366,141.3127413,Here are some of the best data science certifications that you can choose from in 2022.,#datascienceÂ #datasciencejobsÂ #datasciencetrainingÂ #datascienceeducationÂ #datasciencecourseÂ #dataÂ #dataanalysisÂ #dataanalyticsÂ #datascientistÂ #machinelearningÂ #artificialintelligenceÂ #aiÂ #deeplearningÂ #machinelearningprojectsÂ #datascienceprojectsÂ #amankharwalÂ #thecleverprogrammer
2022-04-18,18179,4773,1496,10626,295,771,0,52,373,90,130,144.4444444,Here are some of the most important Python libraries that every Python developer should know.,#pythonÂ #pythonprogrammingÂ #pythoncodeÂ #pythonlearningÂ #pythondeveloperÂ #pythonprogrammerÂ #pythonprojectsÂ #python3Â #pythoncodingÂ #pythonprogramminglanguageÂ #amankharwalÂ #thecleverprogrammer
2022-04-19,20133,5443,1715,11214,552,362,8,13,285,105,134,127.6190476,"When the value of variable increases or decreases with the increase or decrease in the value of another variable, then it is nothing but a linear relationship. Hereâ€™s how to visualize a linear relationship using the Python programming language.",#pythonÂ #pythonprogrammingÂ #pythoncodeÂ #pythonlearningÂ #pythondeveloperÂ #pythonprogrammerÂ #pythonprojectsÂ #python3Â #pythoncodingÂ #pythonprogramminglanguageÂ #amankharwalÂ #thecleverprogrammer
2022-04-20,145902,2706,3245,136389,2718,1972,16,149,955,2544,1797,70.63679245,30 Data Analysis Projects solved and explained using Python. Try these data analysis projects to improve your data analysis skills using Python.,#dataanalysisÂ #dataanalyticsÂ #dataanalystÂ #pythonÂ #datascienceÂ #datasciencejobsÂ #datasciencetrainingÂ #datascienceeducationÂ #datasciencecourseÂ #dataÂ #datascientistÂ #machinelearningÂ #artificialintelligenceÂ #aiÂ #deeplearningÂ #machinelearningprojectsÂ #datascienceprojectsÂ #amankharwalÂ #thecleverprogrammer
2022-04-21,18226,6542,1457,8687,173,319,12,30,272,50,38,76,"People who are starting to learn data science have either an engineering background, a statistical background, or a non-computer background. Each person has their own set of skills and knowledge, so here is how you should choose a data science job for yourself according to your skills and educational background.",#datascienceÂ #datasciencejobsÂ #datasciencetrainingÂ #datascienceeducationÂ #datasciencecourseÂ #dataÂ #dataanalysisÂ #dataanalyticsÂ #datascientistÂ #machinelearningÂ #artificialintelligenceÂ #aiÂ #deeplearningÂ #machinelearningprojectsÂ #datascienceprojectsÂ #amankharwalÂ #thecleverprogrammer
2022-04-22,29121,11574,1537,14343,431,811,4,59,486,207,245,118.3574879,Here are some of the best data science project ideas on Finance that you should try in 2022.,#datascienceÂ #datasciencejobsÂ #datasciencetrainingÂ #datascienceeducationÂ #datasciencecourseÂ #dataÂ #dataanalysisÂ #dataanalyticsÂ #datascientistÂ #machinelearningÂ #artificialintelligenceÂ #aiÂ #deeplearningÂ #machinelearningprojectsÂ #datascienceprojectsÂ #amankharwalÂ #thecleverprogrammer
2022-04-23,107722,7615,1957,94794,2064,4541,20,332,1623,633,866,136.8088468,Here are some of the best Python certifications that you can choose from in 2022.,#python #pythonprogramming #pythoncode #pythonlearning #pythondeveloper #pythonprogrammer #pythonprojects #python3 #pythoncoding #pythonprogramminglanguage #amankharwal #thecleverprogrammer
2022-04-24,27750,3850,2366,19616,733,263,6,9,308,253,144,56.91699605,Learn how to perform the task of OTP Verification using Python.,#pythonÂ #pythonprogrammingÂ #pythoncodeÂ #pythonlearningÂ #pythondeveloperÂ #pythonprogrammerÂ #pythonprojectsÂ #python3Â #pythoncodingÂ #pythonprogramminglanguageÂ #amankharwalÂ #thecleverprogrammer
2022-04-25,25553,5354,1374,17312,597,345,3,12,275,81,82,101.2345679,Hereâ€™s how to calculate execution time of a Python program.,#pythonÂ #pythonprogrammingÂ #pythoncodeÂ #pythonlearningÂ #pythondeveloperÂ #pythonprogrammerÂ #pythonprojectsÂ #python3Â #pythoncodingÂ #pythonprogramminglanguageÂ #amankharwalÂ #thecleverprogrammer
2022-04-26,207157,7581,4217,191478,3114,4217,15,472,1798,5121,3022,59.01191174,178 Python Projects with Source Code solved and explained for free: Link in Bio,#pythonÂ #pythonprogrammingÂ #pythoncodeÂ #pythonlearningÂ #pythondeveloperÂ #pythonprogrammerÂ #pythonprojectsÂ #python3Â #pythoncodingÂ #pythonprogramminglanguageÂ #amankharwalÂ #thecleverprogrammer
2022-04-27,12100,3981,2380,3926,496,473,11,25,372,81,60,74.07407407,Here are some of the best Data Analysis certifications that you can choose from in 2022.,#dataanalysisÂ #dataanalyticsÂ #dataanalystÂ #pythonÂ #datascienceÂ #datasciencejobsÂ #datasciencetrainingÂ #datascienceeducationÂ #datasciencecourseÂ #dataÂ #datascientistÂ #machinelearningÂ #artificialintelligenceÂ #aiÂ #deeplearningÂ #machinelearningprojectsÂ #datascienceprojectsÂ #amankharwalÂ #thecleverprogrammer
2022-04-28,31438,6139,21819,1890,617,559,10,43,396,133,112,84.21052632,"Here are some of the best data science project ideas on the Economy. If you want to learn the use of Data Science in Economics, you should try these data science projects.",#datascienceÂ #datasciencejobsÂ #datasciencetrainingÂ #datascienceeducationÂ #datasciencecourseÂ #dataÂ #dataanalysisÂ #dataanalyticsÂ #datascientistÂ #machinelearningÂ #artificialintelligenceÂ #aiÂ #deeplearningÂ #machinelearningprojectsÂ #datascienceprojectsÂ #amankharwalÂ #thecleverprogrammer
2022-04-29,6919,4046,800,1604,170,274,5,16,208,39,8,20.51282051,Here are some of the best resources to learn Tableau for Data Science.,#datascienceÂ #datasciencejobsÂ #datasciencetrainingÂ #datascienceeducationÂ #datasciencecourseÂ #dataÂ #dataanalysisÂ #dataanalyticsÂ #datascientistÂ #tableauÂ #machinelearningÂ #artificialintelligenceÂ #aiÂ #deeplearningÂ #machinelearningprojectsÂ #datascienceprojectsÂ #amankharwalÂ #thecleverprogrammer
2022-04-30,16883,3344,1938,10390,438,178,9,5,210,180,54,30,Waiter Tips analysis is one of the popular data science case studies where we need to predict the tips given to a waiter for serving the food in a restaurant. Find this data science case study solved and explained using Python from the link in bio.,#datascienceÂ #datasciencejobsÂ #datasciencetrainingÂ #datascienceeducationÂ #datasciencecourseÂ #dataÂ #dataanalysisÂ #dataanalyticsÂ #datascientistÂ #machinelearningÂ #artificialintelligenceÂ #aiÂ #deeplearningÂ #machinelearningprojectsÂ #datascienceprojectsÂ #amankharwalÂ #thecleverprogrammer
2022-05-01,52209,6118,1968,42329,1047,595,18,35,542,284,284,100,Hereâ€™s how to write a Python function to reverse a string.,#pythonÂ #pythonprogrammingÂ #pythoncodeÂ #pythonlearningÂ #pythondeveloperÂ #pythonprogrammerÂ #pythonprojectsÂ #python3Â #pythoncodingÂ #pythonprogramminglanguageÂ #amankharwalÂ #thecleverprogrammer
2022-05-02,61287,3262,6001,50700,636,565,3,20,470,775,408,52.64516129,Here is a list of 100+ Machine Learning Algorithms and Models explained using Python that will help you to understand the implementation of all the machine learning algorithms and models in solving real-time business problems. You can find this list of 100+ Machine Learning Algorithms and Models from the link in bio.,#machinelearningÂ #machinelearningalgorithmsÂ #datascienceÂ #dataanalysisÂ #dataanalyticsÂ #datascientistÂ #pythonÂ #pythonprogrammingÂ #pythonprojectsÂ #pythoncodeÂ #artificialintelligenceÂ #aiÂ #deeplearningÂ #algorithmÂ #algorithmsÂ #amankharwalÂ #thecleverprogrammer
2022-05-03,30637,8860,2495,18003,510,1006,23,81,631,134,110,82.08955224,Here are some of the most important skills you need for your first data science job.,#datascienceÂ #datasciencejobsÂ #datasciencetrainingÂ #datascienceeducationÂ #datasciencecourseÂ #dataÂ #dataanalysisÂ #dataanalyticsÂ #datascientistÂ #machinelearningÂ #artificialintelligenceÂ #aiÂ #deeplearningÂ #machinelearningprojectsÂ #datascienceprojectsÂ #amankharwalÂ #thecleverprogrammer
2022-05-04,26601,6062,1382,18082,413,539,5,28,340,119,128,107.5630252,Here are some of the best Data Science project ideas on regression analysis that you should try as a beginner in data science.,#datascienceÂ #datasciencejobsÂ #datasciencetrainingÂ #datascienceeducationÂ #datasciencecourseÂ #dataÂ #dataanalysisÂ #dataanalyticsÂ #datascientistÂ #machinelearningÂ #artificialintelligenceÂ #aiÂ #deeplearningÂ #machinelearningprojectsÂ #datascienceprojectsÂ #amankharwalÂ #thecleverprogrammer
2022-05-05,26085,14625,772,9462,563,295,5,17,314,70,118,168.5714286,A user's IP address is defanged to prevent the user from clicking on a malicious link. Hereâ€™s how you can write a Python function to defang and IP Address.,#pythonÂ #pythonprogrammingÂ #pythoncodeÂ #pythonlearningÂ #pythondeveloperÂ #pythonprogrammerÂ #pythonprojectsÂ #python3Â #pythoncodingÂ #pythonprogramminglanguageÂ #amankharwalÂ #thecleverprogrammer
2022-05-06,71489,8513,6132,53816,2441,1200,10,71,692,1285,612,47.62645914,Practice these 95 Data Science Projects For Beginners Solved & Explained using Python. Find all these projects from the link in bio.,#datascienceÂ #datasciencejobsÂ #datasciencetrainingÂ #datascienceeducationÂ #datasciencecourseÂ #pythonÂ #pythonprojectsÂ #dataÂ #dataanalysisÂ #dataanalyticsÂ #datascientistÂ #machinelearningÂ #artificialintelligenceÂ #aiÂ #deeplearningÂ #machinelearningprojectsÂ #datascienceprojectsÂ #amankharwalÂ #thecleverprogrammer
2022-05-07,73298,3805,16572,51215,1008,1734,17,125,1059,236,322,136.440678,Here are some of the best Machine Learning Certifications you can choose from in 2022.,#machinelearningÂ #machinelearningalgorithmsÂ #datascienceÂ #dataanalysisÂ #dataanalyticsÂ #datascientistÂ #pythonÂ #pythonprogrammingÂ #pythonprojectsÂ #pythoncodeÂ #artificialintelligenceÂ #aiÂ #deeplearningÂ #algorithmÂ #algorithmsÂ #amankharwalÂ #thecleverprogrammer
2022-05-08,35868,2408,13381,19054,407,672,19,36,583,156,96,61.53846154,"Every sporting event today generates data that can be used to analyze the performance of players, teams and every event of the game. So the use of data science in sports analytics is common today. Here are some of the best data science project ideas on sports analytics that you should try in 2022.",#datascienceÂ #datasciencejobsÂ #datasciencetrainingÂ #datascienceeducationÂ #datasciencecourseÂ #dataÂ #dataanalysisÂ #dataanalyticsÂ #datascientistÂ #machinelearningÂ #artificialintelligenceÂ #aiÂ #deeplearningÂ #machinelearningprojectsÂ #datascienceprojectsÂ #amankharwalÂ #thecleverprogrammer
2022-05-09,42586,3015,11369,27226,400,870,18,46,662,100,136,136,Here are some of the best resources to learn AWS for Data Science.,#datascienceÂ #datasciencejobsÂ #datasciencetrainingÂ #datascienceeducationÂ #datasciencecourseÂ #dataÂ #dataanalysisÂ #dataanalyticsÂ #datascientistÂ #machinelearningÂ #artificialintelligenceÂ #aiÂ #deeplearningÂ #machinelearningprojectsÂ #datascienceprojectsÂ #amankharwalÂ #thecleverprogrammer
2022-05-10,35334,11748,1354,21282,345,475,9,33,475,155,146,94.19354839,The FizzBuzz algorithm is one of the favourite questions in coding interviews. Fizz and Buzz refer to any number that is a multiple of 3 and 5. Here is how to implement the FizzBuzz algorithm using the Python programming language.,#pythonÂ #pythonprogrammingÂ #pythoncodeÂ #pythonlearningÂ #pythondeveloperÂ #pythonprogrammerÂ #pythonprojectsÂ #python3Â #pythoncodingÂ #pythonprogramminglanguageÂ #amankharwalÂ #thecleverprogrammer
2022-05-11,17234,5421,6033,4059,1145,479,14,32,371,614,307,50,30+ Data Analysis Projects solved and explained using Python. Try these data analysis projects to improve your data analysis skills using Python.,#dataanalysisÂ #dataanalyticsÂ #dataanalystÂ #pythonÂ #datascienceÂ #datasciencejobsÂ #datasciencetrainingÂ #datascienceeducationÂ #datasciencecourseÂ #dataÂ #datascientistÂ #machinelearningÂ #artificialintelligenceÂ #aiÂ #deeplearningÂ #machinelearningprojectsÂ #datascienceprojectsÂ #amankharwalÂ #thecleverprogrammer
2022-05-12,14362,3639,1810,7911,283,230,13,13,298,43,10,23.25581395,Here are some of the most important soft skills that every data scientist should have.,#datascienceÂ #datasciencejobsÂ #datasciencetrainingÂ #datascienceeducationÂ #datasciencecourseÂ #dataÂ #dataanalysisÂ #dataanalyticsÂ #datascientistÂ #machinelearningÂ #artificialintelligenceÂ #aiÂ #deeplearningÂ #machinelearningprojectsÂ #datascienceprojectsÂ #amankharwalÂ #thecleverprogrammer
2022-05-13,64568,6570,4046,51907,1322,1730,15,101,887,345,272,78.84057971,Here are some of the best and unique data analysis project ideas for resume that you should try in 2022.,#dataanalysisÂ #dataanalyticsÂ #dataanalystÂ #pythonÂ #datascienceÂ #datasciencejobsÂ #datasciencetrainingÂ #datascienceeducationÂ #datasciencecourseÂ #dataÂ #datascientistÂ #machinelearningÂ #artificialintelligenceÂ #aiÂ #deeplearningÂ #machinelearningprojectsÂ #datascienceprojectsÂ #amankharwalÂ #thecleverprogrammer
2022-05-14,24969,3896,2734,16966,729,216,9,49,322,321,188,58.56697819,Data Science Project on Virat Kohli Performance Analysis using Python: Link in bio,#datascienceÂ #datasciencejobsÂ #datasciencetrainingÂ #datascienceeducationÂ #datasciencecourseÂ #dataÂ #dataanalysisÂ #dataanalyticsÂ #datascientistÂ #machinelearningÂ #artificialintelligenceÂ #aiÂ #deeplearningÂ #machinelearningprojectsÂ #datascienceprojectsÂ #amankharwalÂ #thecleverprogrammer
2022-05-15,17315,7744,1700,6959,278,389,11,27,310,47,32,68.08510638,Here are some of the best resources to learn GCP for Data Science.,#datascienceÂ #datasciencejobsÂ #datasciencetrainingÂ #datascienceeducationÂ #datasciencecourseÂ #dataÂ #dataanalysisÂ #dataanalyticsÂ #datascientistÂ #machinelearningÂ #artificialintelligenceÂ #aiÂ #deeplearningÂ #machinelearningprojectsÂ #datascienceprojectsÂ #amankharwalÂ #thecleverprogrammer
2022-05-16,14100,4803,2060,5959,403,374,7,19,338,67,34,50.74626866,Password Authentication is the process of checking the identity of a user. Here is how you can authenticate password of a user using Python.,#pythonÂ #pythonprogrammingÂ #pythoncodeÂ #pythonlearningÂ #pythondeveloperÂ #pythonprogrammerÂ #pythonprojectsÂ #python3Â #pythoncodingÂ #pythonprogramminglanguageÂ #amankharwalÂ #thecleverprogrammer
2022-05-17,137081,13856,5709,104293,12692,2416,20,205,1421,2888,1542,53.3933518,180+ Python Projects with Source Code solved and explained for free: Link in Bio,#pythonÂ #pythonprogrammingÂ #pythoncodeÂ #pythonlearningÂ #pythondeveloperÂ #pythonprogrammerÂ #pythonprojectsÂ #python3Â #pythoncodingÂ #pythonprogramminglanguageÂ #amankharwalÂ #thecleverprogrammer
2022-05-18,36232,8053,3488,23136,606,728,9,48,494,134,44,32.8358209,Here are some of the best data science courses that you can choose from in 2022 to learn everything in data science.,#datascienceÂ #datasciencejobsÂ #datasciencetrainingÂ #datascienceeducationÂ #datasciencecourseÂ #dataÂ #dataanalysisÂ #dataanalyticsÂ #datascientistÂ #machinelearningÂ #artificialintelligenceÂ #aiÂ #deeplearningÂ #machinelearningprojectsÂ #datascienceprojectsÂ #amankharwalÂ #thecleverprogrammer
2022-05-19,79547,18051,5885,52918,1956,1686,14,99,1176,231,264,114.2857143,Here are some of the best machine learning project ideas every beginner should try.,#machinelearningÂ #machinelearningalgorithmsÂ #datascienceÂ #dataanalysisÂ #dataanalyticsÂ #datascientistÂ #pythonÂ #pythonprogrammingÂ #pythonprojectsÂ #pythoncodeÂ #artificialintelligenceÂ #aiÂ #deeplearningÂ #algorithmÂ #algorithmsÂ #amankharwalÂ #thecleverprogrammer
2022-05-20,22117,3958,3207,13960,349,317,10,12,290,46,14,30.43478261,Here are some of the best resources to learn TensorFlow for Machine Learning that you can follow in 2022.,#machinelearningÂ #machinelearningalgorithmsÂ #datascienceÂ #dataanalysisÂ #dataanalyticsÂ #datascientistÂ #pythonÂ #pythonprogrammingÂ #pythonprojectsÂ #pythoncodeÂ #artificialintelligenceÂ #aiÂ #deeplearningÂ #algorithmÂ #algorithmsÂ #amankharwalÂ #thecleverprogrammer
2022-05-21,18550,3811,4544,9123,425,155,11,7,272,109,34,31.19266055,"If you want to learn how to use our Instagram data for the task of Instagram reach analysis, this is for you. Here, I will take you through a Data Science Project on Instagram Reach Analysis and prediction with machine learning using Python.",#datascienceÂ #datasciencejobsÂ #datasciencetrainingÂ #datascienceeducationÂ #datasciencecourseÂ #dataÂ #dataanalysisÂ #dataanalyticsÂ #datascientistÂ #machinelearningÂ #artificialintelligenceÂ #aiÂ #deeplearningÂ #machinelearningprojectsÂ #datascienceprojectsÂ #amankharwalÂ #thecleverprogrammer
2022-05-22,185504,11956,5551,164833,2559,2935,28,175,2091,759,895,117.9183136,Hereâ€™s how to create an age calculator using Python.,#pythonÂ #pythonprogrammingÂ #pythoncodeÂ #pythonlearningÂ #pythondeveloperÂ #pythonprogrammerÂ #pythonprojectsÂ #python3Â #pythoncodingÂ #pythonprogramminglanguageÂ #amankharwalÂ #thecleverprogrammer
2022-05-23,104208,5496,11338,84489,2223,641,8,36,792,876,398,45.43378995,Here is a list of all data visualizations you need for data science explained using Python.,#datascienceÂ #datasciencejobsÂ #datasciencetrainingÂ #datascienceeducationÂ #datasciencecourseÂ #dataÂ #dataanalysisÂ #dataanalyticsÂ #datascientistÂ #machinelearningÂ #artificialintelligenceÂ #aiÂ #deeplearningÂ #machinelearningprojectsÂ #datascienceprojectsÂ #amankharwalÂ #thecleverprogrammer
2022-05-24,81589,11981,5114,62820,902,1795,12,140,1059,306,182,59.47712418,Here are some of the best Python courses you can choose from in 2022 to learn Python.,#pythonÂ #pythonprogrammingÂ #pythoncodeÂ #pythonlearningÂ #pythondeveloperÂ #pythonprogrammerÂ #pythonprojectsÂ #python3Â #pythoncodingÂ #pythonprogramminglanguageÂ #amankharwalÂ #thecleverprogrammer
2022-05-25,64362,6423,5695,50960,600,895,12,61,744,189,130,68.78306878,Here are some of the best data science project ideas on Sentiment Analysis that you should try in 2022.,#datascienceÂ #datasciencejobsÂ #datasciencetrainingÂ #datascienceeducationÂ #datasciencecourseÂ #dataÂ #dataanalysisÂ #dataanalyticsÂ #datascientistÂ #machinelearningÂ #artificialintelligenceÂ #aiÂ #deeplearningÂ #machinelearningprojectsÂ #datascienceprojectsÂ #amankharwalÂ #thecleverprogrammer
2022-05-26,28918,4233,3075,20747,260,176,5,12,257,219,88,40.1826484,"To check whether Tinder helps people find partners, we can analyze the sentiments of people about Tinder. Here you will learn how to perform Tinder Reviews Sentiment Analysis using Python. Find this data science project from the link in bio.",#datascienceÂ #datasciencejobsÂ #datasciencetraining#datascienceeducationÂ #datasciencecourseÂ #dataÂ #dataanalysis#dataanalyticsÂ #datascientistÂ #machinelearning#artificialintelligenceÂ #aiÂ #deeplearning#machinelearningprojectsÂ #datascienceprojectsÂ #amankharwal#thecleverprogrammer
2022-05-27,28262,6292,1007,19943,383,554,10,36,507,88,78,88.63636364,Here are some of the most important tools that every Python programmer should know.,#pythonÂ #pythonprogrammingÂ #pythoncodeÂ #pythonlearning#pythondeveloperÂ #pythonprogrammerÂ #pythonprojects#python3Â #pythoncodingÂ #pythonprogramminglanguage#amankharwalÂ #thecleverprogrammer
2022-05-28,40531,3357,3301,32414,1023,215,8,12,315,230,126,54.7826087,Learn how to train a language detection model with machine learning using the Python programming language.,#machinelearningÂ #machinelearningalgorithmsÂ #datascience#dataanalysisÂ #dataanalyticsÂ #datascientistÂ #python#pythonprogrammingÂ #pythonprojectsÂ #pythoncode#artificialintelligenceÂ #aiÂ #deeplearningÂ #algorithmÂ #algorithms#amankharwalÂ #thecleverprogrammer
2022-05-29,55419,6166,1070,47106,580,540,11,28,489,156,104,66.66666667,"Grouping anagrams is one of the popular questions in coding interviews. Here you will be given a list of words, and you have to write an algorithm to group all the words which are anagrams of each other. Here's how to group anagrams using Python.",#pythonÂ #pythonprogrammingÂ #pythoncodeÂ #pythonlearning#pythondeveloperÂ #pythonprogrammerÂ #pythonprojects#python3Â #pythoncodingÂ #pythonprogramminglanguage#amankharwalÂ #thecleverprogrammer
2022-05-30,226323,6698,7341,208595,3419,1554,18,94,1380,1982,1236,62.36125126,Here is a list of 100+ Machine Learning Algorithms and Models explained using Python that will help you to understand the implementation of all the machine learning algorithms and models in solving real-time business problems. You can find this list of 100+ Machine Learning Algorithms and Models from the link in bio.,#machinelearningÂ #machinelearningalgorithmsÂ #datascienceÂ #dataanalysisÂ #dataanalyticsÂ #datascientistÂ #pythonÂ #pythonprogrammingÂ #pythonprojectsÂ #pythoncodeÂ #artificialintelligenceÂ #aiÂ #deeplearningÂ #algorithmÂ #algorithmsÂ #amankharwalÂ #thecleverprogrammer
2022-05-31,104614,10348,3511,89399,870,2068,13,148,1013,246,316,128.4552846,"A data science project report is a document used to report and explain your approach to solving the problem and explain your analysis and findings. If you are a Data Science student, you have to prepare the report on your project according to the format provided by your university. And as a Data Science professional, you have to create the project report according to the industry standards. Thus, the format of the report and the way of presenting it may be different in universities and companies, but the content should revolve around your approach, your analysis and your findings. So here is how you can create a Data Science project report step by step.",#datascienceÂ #datasciencejobsÂ #datasciencetrainingÂ #datascienceeducationÂ #datasciencecourseÂ #dataÂ #dataanalysisÂ #dataanalyticsÂ #datascientistÂ #machinelearningÂ #artificialintelligenceÂ #aiÂ #deeplearningÂ #machinelearningprojectsÂ #datascienceprojectsÂ #amankharwalÂ #thecleverprogrammer
2022-06-01,33006,4755,1544,25979,260,641,11,33,456,129,100,77.51937984,Here are some of the best Data Science project ideas on Healthcare and Fitness that you should try.,#datascienceÂ #datasciencejobsÂ #datasciencetrainingÂ #datascienceeducationÂ #datasciencecourseÂ #dataÂ #dataanalysisÂ #dataanalyticsÂ #datascientistÂ #machinelearningÂ #artificialintelligenceÂ #aiÂ #deeplearningÂ #machinelearningprojectsÂ #datascienceprojectsÂ #amankharwalÂ #thecleverprogrammer
2022-06-02,79196,7120,1206,66888,720,456,0,27,491,418,204,48.80382775,"Analyzing the data collected on your fitness is one of the use cases of Data Science in healthcare. So if you want to learn how to analyze smartwatch fitness data, this is for you. Here you will learn how to perform Smartwatch Data Analysis using Python.",#datascienceÂ #datasciencejobsÂ #datasciencetrainingÂ #datascienceeducationÂ #datasciencecourseÂ #dataÂ #dataanalysisÂ #dataanalyticsÂ #datascientistÂ #machinelearningÂ #artificialintelligenceÂ #aiÂ #deeplearningÂ #machinelearningprojectsÂ #datascienceprojectsÂ #amankharwalÂ #thecleverprogrammer
2022-06-03,12213,4926,1384,5557,112,197,8,14,345,18,6,33.33333333,Here are some of the best Code Editors and IDE for Python Developers.,#pythonÂ #pythonprogrammingÂ #pythoncodeÂ #pythonlearning#pythondeveloperÂ #pythonprogrammerÂ #pythonprojects#python3Â #pythoncodingÂ #pythonprogramminglanguage#amankharwalÂ #thecleverprogrammer